Дата,Новые комментарии,Поделились,"Процент отметок ""Нравится"" (%)","Отметки ""Не нравится""","Отметки ""Нравится""",Отказались от подписки,Новые подписчики,Постоянные зрители,Новые зрители,Среднее число просмотров одним пользователем,Уникальные зрители,CTR для значков видео (%),Показы,Подписчики,Средний процент просмотра (%),Просмотры,Время просмотра (часы),Средняя продолжительность просмотра
2023-01-01,0.0,9.0,100.0,0.0,16.0,5.0,5.0,84.0,144.0,2.0833,228.0,4.25,5176.0,0.0,30.51,475.0,21.2038,0.044639578947368426
2022-12-31,0.0,1.0,100.0,0.0,4.0,1.0,1.0,48.0,60.0,1.6111,108.0,4.05,2222.0,0.0,19.52,174.0,5.4814,0.03150229885057471
2022-12-30,0.0,3.0,75.0,1.0,3.0,1.0,1.0,94.0,133.0,2.1586,227.0,5.27,5584.0,0.0,23.51,490.0,17.8182,0.03636367346938776
2022-12-29,1.0,10.0,100.0,0.0,8.0,2.0,1.0,128.0,231.0,1.8524,359.0,5.78,6759.0,-1.0,25.35,665.0,25.9174,0.03897353383458647
2022-12-28,0.0,4.0,85.71,2.0,12.0,3.0,7.0,166.0,362.0,1.839,528.0,7.04,6736.0,4.0,21.72,971.0,35.385,0.03644181256436663
2022-12-27,0.0,9.0,100.0,0.0,27.0,1.0,6.0,219.0,485.0,1.8778,704.0,6.61,9408.0,5.0,21.85,1322.0,48.6134,0.036772617246596064
2022-12-26,0.0,6.0,78.57,3.0,11.0,4.0,6.0,234.0,475.0,1.8632,709.0,7.72,10305.0,2.0,23.07,1321.0,49.7077,0.03762884178652536
2022-12-25,1.0,14.0,100.0,0.0,20.0,3.0,8.0,278.0,571.0,1.7845,849.0,7.08,11801.0,5.0,21.86,1515.0,54.7859,0.0361623102310231
2022-12-24,0.0,5.0,78.57,3.0,11.0,2.0,5.0,160.0,322.0,1.61,482.0,6.99,5806.0,3.0,19.2,776.0,24.5667,0.03165811855670103
2022-12-23,0.0,7.0,84.62,2.0,11.0,2.0,1.0,202.0,418.0,1.5774,620.0,7.15,7878.0,-1.0,19.14,978.0,30.5683,0.03125593047034765
2022-12-22,0.0,9.0,85.0,3.0,17.0,1.0,4.0,255.0,586.0,1.7063,841.0,7.31,10746.0,3.0,21.58,1435.0,51.5961,0.03595547038327526
2022-12-21,0.0,18.0,96.55,1.0,28.0,0.0,9.0,306.0,689.0,1.8281,995.0,6.4,15772.0,9.0,20.31,1819.0,60.8586,0.033457174271577794
2022-12-20,2.0,15.0,85.0,3.0,17.0,1.0,5.0,310.0,661.0,1.691,971.0,8.04,11026.0,4.0,20.15,1642.0,53.457,0.03255602923264312
2022-12-19,3.0,14.0,100.0,0.0,18.0,2.0,6.0,317.0,654.0,1.999,971.0,7.75,13763.0,4.0,24.19,1941.0,72.9155,0.03756594538897475
2022-12-18,0.0,11.0,90.91,2.0,20.0,0.0,12.0,317.0,646.0,1.8224,963.0,8.52,11695.0,12.0,19.85,1755.0,56.0002,0.03190894586894587
2022-12-17,0.0,11.0,92.86,1.0,13.0,2.0,9.0,198.0,381.0,1.8083,579.0,6.96,8317.0,7.0,23.96,1047.0,38.487,0.036759312320916906
2022-12-16,1.0,9.0,100.0,0.0,20.0,3.0,8.0,207.0,435.0,1.8972,642.0,6.59,10022.0,5.0,22.08,1218.0,41.4866,0.03406124794745485
2022-12-15,1.0,11.0,84.21,3.0,16.0,0.0,6.0,218.0,562.0,1.6308,780.0,5.99,11512.0,6.0,20.92,1272.0,44.5558,0.03502814465408805
2022-12-14,2.0,10.0,85.0,3.0,17.0,2.0,7.0,246.0,577.0,1.8262,823.0,6.58,12589.0,5.0,21.5,1503.0,52.7593,0.035102661343978714
2022-12-13,1.0,11.0,93.75,1.0,15.0,3.0,6.0,284.0,610.0,1.7383,894.0,6.78,12909.0,3.0,22.47,1554.0,58.0107,0.03732992277992278
2022-12-12,0.0,13.0,95.45,1.0,21.0,1.0,9.0,288.0,596.0,1.845,884.0,6.31,14035.0,8.0,22.52,1631.0,60.5522,0.037125812385039855
2022-12-11,2.0,11.0,94.74,1.0,18.0,6.0,9.0,278.0,639.0,1.9051,917.0,6.67,14225.0,3.0,22.5,1747.0,67.5103,0.0386435603892387
2022-12-10,1.0,4.0,100.0,0.0,12.0,1.0,8.0,176.0,351.0,1.7438,527.0,7.3,6696.0,7.0,22.74,919.0,35.3906,0.03850990206746464
2022-12-09,0.0,1.0,77.78,2.0,7.0,2.0,5.0,137.0,332.0,1.7377,469.0,7.28,6219.0,3.0,26.44,815.0,35.2616,0.043265766871165644
2022-12-08,1.0,9.0,77.78,2.0,7.0,3.0,3.0,216.0,529.0,1.7221,745.0,6.96,10114.0,0.0,21.5,1283.0,46.5794,0.03630506625097428
2022-12-07,1.0,22.0,100.0,0.0,38.0,3.0,13.0,251.0,565.0,1.8652,816.0,6.78,12278.0,10.0,21.28,1522.0,51.5061,0.033841064388961895
2022-12-06,1.0,12.0,86.21,4.0,25.0,6.0,11.0,174.0,540.0,1.7493,714.0,7.64,8974.0,5.0,17.61,1249.0,34.4148,0.027553883106485186
2022-12-05,0.0,8.0,66.67,2.0,4.0,1.0,4.0,205.0,505.0,1.8085,710.0,6.58,10756.0,3.0,21.44,1284.0,43.4542,0.033842834890965734
2022-12-04,0.0,3.0,90.91,2.0,20.0,3.0,3.0,199.0,527.0,1.8967,726.0,6.61,12891.0,0.0,22.38,1377.0,48.5222,0.035237618010167025
2022-12-03,2.0,1.0,91.67,1.0,11.0,0.0,4.0,149.0,328.0,1.7694,477.0,6.87,6801.0,4.0,23.98,844.0,31.406,0.03721090047393365
2022-12-02,0.0,4.0,100.0,0.0,7.0,4.0,7.0,149.0,347.0,1.8871,496.0,5.89,8369.0,3.0,23.16,936.0,32.3529,0.0345650641025641
2022-12-01,0.0,7.0,100.0,0.0,16.0,3.0,6.0,213.0,480.0,2.0216,693.0,5.42,12587.0,3.0,24.11,1401.0,53.0978,0.037899928622412565
2022-11-30,0.0,15.0,96.67,1.0,29.0,0.0,5.0,271.0,460.0,2.0342,731.0,5.88,12408.0,5.0,26.31,1487.0,63.2878,0.04256072629455279
2022-11-29,4.0,4.0,96.0,1.0,24.0,2.0,7.0,221.0,475.0,1.7945,696.0,7.25,9587.0,5.0,24.84,1249.0,48.2267,0.038612249799839876
2022-11-28,0.0,14.0,88.89,2.0,16.0,2.0,4.0,237.0,502.0,1.7131,739.0,7.58,8673.0,2.0,22.37,1266.0,44.2353,0.03494099526066351
2022-11-27,0.0,9.0,94.74,1.0,18.0,0.0,4.0,219.0,539.0,1.7982,758.0,6.25,11266.0,4.0,23.0,1363.0,51.4119,0.03771966250917095
2022-11-26,0.0,8.0,88.89,1.0,8.0,3.0,9.0,140.0,284.0,1.7524,424.0,5.15,7263.0,6.0,24.2,743.0,28.18,0.03792732166890982
2022-11-25,1.0,3.0,93.75,1.0,15.0,0.0,11.0,177.0,319.0,2.2016,496.0,5.41,7763.0,11.0,28.21,1092.0,43.8496,0.040155311355311356
2022-11-24,1.0,30.0,92.31,2.0,24.0,2.0,6.0,178.0,456.0,2.0631,634.0,6.82,10438.0,4.0,26.17,1308.0,50.0464,0.03826177370030581
2022-11-23,1.0,15.0,95.0,1.0,19.0,2.0,13.0,196.0,473.0,2.1046,669.0,6.25,11462.0,11.0,23.12,1408.0,47.0448,0.033412500000000005
2022-11-22,0.0,2.0,100.0,0.0,70.0,1.0,12.0,215.0,476.0,1.9537,691.0,5.89,11572.0,11.0,25.34,1350.0,51.1429,0.03788362962962963
2022-11-21,0.0,11.0,88.89,3.0,24.0,3.0,9.0,221.0,464.0,1.9007,685.0,6.59,10537.0,6.0,26.32,1302.0,53.4319,0.04103832565284178
2022-11-20,0.0,2.0,100.0,0.0,16.0,2.0,10.0,229.0,509.0,1.9133,738.0,6.99,10086.0,8.0,25.09,1412.0,52.8261,0.03741225212464589
2022-11-19,0.0,6.0,91.67,1.0,11.0,4.0,7.0,142.0,309.0,1.8182,451.0,6.09,6998.0,3.0,24.09,820.0,30.1115,0.03672134146341463
2022-11-18,1.0,5.0,100.0,0.0,9.0,2.0,6.0,143.0,332.0,1.7916,475.0,6.18,7448.0,4.0,22.39,851.0,29.4147,0.03456486486486487
2022-11-17,1.0,71.0,92.0,2.0,23.0,1.0,5.0,187.0,454.0,2.0109,641.0,7.11,8822.0,4.0,28.16,1289.0,51.7114,0.040117455391776566
2022-11-16,1.0,5.0,100.0,0.0,13.0,1.0,9.0,233.0,465.0,1.8023,698.0,5.63,10271.0,8.0,28.19,1258.0,56.1098,0.04460238473767886
2022-11-15,0.0,7.0,94.74,1.0,18.0,2.0,8.0,224.0,523.0,1.9237,747.0,6.95,10366.0,6.0,24.71,1437.0,54.8539,0.038172512178148925
2022-11-14,0.0,9.0,100.0,0.0,27.0,3.0,11.0,211.0,511.0,1.867,722.0,6.33,11319.0,8.0,23.29,1348.0,48.4133,0.035914910979228484
2022-11-13,1.0,7.0,95.0,1.0,19.0,2.0,10.0,236.0,556.0,1.5947,792.0,6.93,9907.0,8.0,22.22,1263.0,46.1285,0.03652296120348377
2022-11-12,2.0,1.0,100.0,0.0,16.0,1.0,4.0,154.0,311.0,1.9011,465.0,6.94,6630.0,3.0,25.56,884.0,35.8305,0.04053223981900453
2022-11-11,1.0,8.0,90.0,1.0,9.0,2.0,7.0,147.0,343.0,1.7531,490.0,5.47,6601.0,5.0,26.7,859.0,35.6035,0.0414476135040745
2022-11-10,0.0,13.0,90.48,2.0,19.0,3.0,7.0,182.0,474.0,1.6372,656.0,7.31,7693.0,4.0,25.09,1074.0,43.4838,0.0404877094972067
2022-11-09,1.0,5.0,96.0,1.0,24.0,1.0,6.0,185.0,513.0,1.6433,698.0,6.59,8344.0,5.0,24.15,1147.0,46.0377,0.04013748910200523
2022-11-08,0.0,4.0,100.0,0.0,18.0,5.0,6.0,198.0,521.0,1.6287,719.0,6.96,8836.0,1.0,24.54,1171.0,47.4522,0.04052280102476516
2022-11-07,0.0,8.0,100.0,0.0,25.0,2.0,5.0,203.0,520.0,1.6224,723.0,7.46,7373.0,3.0,26.19,1173.0,49.2122,0.041954134697357204
2022-11-06,0.0,3.0,88.24,2.0,15.0,4.0,3.0,223.0,530.0,1.5352,753.0,6.5,8304.0,-1.0,21.14,1156.0,41.0076,0.03547370242214533
2022-11-05,0.0,4.0,92.31,1.0,12.0,3.0,4.0,155.0,366.0,1.666,521.0,7.54,5784.0,1.0,22.27,868.0,31.0542,0.03577672811059908
2022-11-04,0.0,11.0,92.86,1.0,13.0,5.0,8.0,149.0,366.0,1.6738,515.0,6.35,7271.0,3.0,24.31,862.0,32.8614,0.038122273781902555
2022-11-03,1.0,9.0,100.0,0.0,12.0,3.0,4.0,103.0,272.0,1.5573,375.0,6.33,4106.0,1.0,24.72,584.0,23.0605,0.03948715753424658
2022-11-02,2.0,5.0,87.5,2.0,14.0,2.0,8.0,191.0,445.0,1.863,635.0,6.29,8460.0,6.0,26.74,1183.0,49.9512,0.04222417582417583
2022-11-01,1.0,8.0,94.74,1.0,18.0,2.0,7.0,213.0,471.0,1.8392,684.0,5.7,11418.0,5.0,25.02,1258.0,49.9691,0.03972106518282989
2022-10-31,2.0,4.0,100.0,0.0,18.0,3.0,8.0,201.0,521.0,1.6551,722.0,6.75,8774.0,5.0,23.43,1195.0,46.0657,0.03854870292887029
2022-10-30,2.0,6.0,77.78,4.0,14.0,2.0,6.0,192.0,539.0,1.7825,731.0,6.54,10018.0,4.0,22.32,1303.0,46.8729,0.03597306216423638
2022-10-29,0.0,2.0,100.0,0.0,11.0,8.0,4.0,124.0,319.0,1.8465,443.0,5.36,8084.0,-4.0,24.49,818.0,30.8953,0.03776931540342298
2022-10-28,0.0,5.0,91.3,2.0,21.0,2.0,10.0,155.0,375.0,1.934,530.0,5.49,9032.0,8.0,25.87,1025.0,41.3191,0.04031131707317073
2022-10-27,2.0,8.0,89.47,2.0,17.0,0.0,5.0,187.0,482.0,1.6607,669.0,6.26,9135.0,5.0,23.95,1111.0,42.0427,0.037842214221422144
2022-10-26,0.0,13.0,94.74,1.0,18.0,2.0,10.0,232.0,506.0,1.7236,738.0,6.72,9460.0,8.0,23.99,1272.0,48.6485,0.03824567610062893
2022-10-25,0.0,15.0,90.32,3.0,28.0,2.0,7.0,250.0,550.0,1.7163,800.0,5.4,13477.0,5.0,23.84,1373.0,52.438,0.03819227967953387
2022-10-24,2.0,10.0,95.83,1.0,23.0,2.0,6.0,221.0,558.0,1.932,779.0,5.97,12327.0,4.0,25.45,1505.0,58.3333,0.03875966777408638
2022-10-23,0.0,7.0,64.29,5.0,9.0,2.0,5.0,211.0,590.0,1.824,801.0,6.29,12328.0,3.0,24.55,1461.0,56.7718,0.038858179329226555
2022-10-22,1.0,8.0,94.74,1.0,18.0,3.0,6.0,144.0,328.0,1.8051,472.0,6.52,6088.0,3.0,24.83,852.0,33.4202,0.03922558685446009
2022-10-21,0.0,9.0,100.0,0.0,9.0,2.0,7.0,139.0,357.0,1.6129,496.0,7.08,5407.0,5.0,21.92,800.0,27.3233,0.034154125
2022-10-20,0.0,6.0,94.74,1.0,18.0,2.0,6.0,234.0,527.0,1.8095,761.0,5.84,11344.0,4.0,24.59,1377.0,52.8695,0.038394698620188815
2022-10-19,0.0,18.0,90.0,2.0,18.0,3.0,8.0,239.0,596.0,2.1916,835.0,5.21,15753.0,5.0,27.91,1830.0,73.7678,0.040310273224043715
2022-10-18,1.0,8.0,100.0,0.0,32.0,3.0,12.0,206.0,567.0,1.9185,773.0,5.09,13356.0,9.0,28.32,1483.0,61.783,0.04166082265677681
2022-10-17,1.0,11.0,96.15,1.0,25.0,3.0,8.0,209.0,605.0,1.645,814.0,7.49,8882.0,5.0,24.22,1339.0,50.0952,0.03741239731142643
2022-10-16,1.0,4.0,94.44,1.0,17.0,1.0,6.0,208.0,609.0,1.7087,817.0,7.01,9784.0,5.0,26.2,1396.0,54.4198,0.038982664756446996
2022-10-15,0.0,4.0,100.0,0.0,10.0,2.0,5.0,136.0,292.0,1.8902,428.0,5.5,7128.0,3.0,25.77,809.0,29.8835,0.03693881334981459
2022-10-14,0.0,7.0,100.0,0.0,17.0,1.0,7.0,121.0,348.0,1.6866,469.0,6.6,6049.0,6.0,26.81,791.0,33.3468,0.04215777496839444
2022-10-13,3.0,7.0,93.75,1.0,15.0,3.0,8.0,166.0,489.0,1.5802,655.0,5.93,8994.0,5.0,19.06,1035.0,30.1706,0.029150338164251208
2022-10-12,0.0,9.0,94.74,1.0,18.0,1.0,8.0,225.0,511.0,1.8723,736.0,5.4,11828.0,7.0,30.75,1378.0,65.7362,0.04770406386066763
2022-10-11,0.0,9.0,100.0,0.0,15.0,4.0,9.0,247.0,553.0,1.7675,800.0,5.94,10937.0,5.0,26.67,1414.0,56.5463,0.039990311173974544
2022-10-10,0.0,8.0,87.5,2.0,14.0,0.0,9.0,206.0,571.0,1.7503,777.0,6.27,10289.0,9.0,28.57,1360.0,57.6539,0.04239257352941177
2022-10-09,2.0,8.0,90.48,2.0,19.0,1.0,6.0,244.0,631.0,1.7257,875.0,6.02,12077.0,5.0,25.42,1510.0,56.377,0.03733576158940397
2022-10-08,0.0,3.0,100.0,0.0,9.0,0.0,6.0,128.0,261.0,1.4756,389.0,5.93,4992.0,6.0,23.54,574.0,21.0178,0.036616376306620214
2022-10-07,0.0,8.0,83.33,1.0,5.0,0.0,6.0,97.0,342.0,1.7016,439.0,5.59,7000.0,6.0,27.08,747.0,30.6578,0.041041231593038824
2022-10-06,1.0,2.0,84.62,2.0,11.0,0.0,3.0,179.0,441.0,1.5242,620.0,6.06,7679.0,3.0,23.88,945.0,34.9532,0.03698751322751323
2022-10-05,1.0,7.0,94.29,2.0,33.0,6.0,7.0,197.0,511.0,1.7175,708.0,6.45,8983.0,1.0,27.28,1216.0,48.2211,0.039655509868421056
2022-10-04,0.0,12.0,100.0,0.0,26.0,2.0,4.0,187.0,493.0,1.7279,680.0,5.98,9369.0,2.0,27.41,1175.0,47.1722,0.04014655319148936
2022-10-03,1.0,11.0,96.0,1.0,24.0,4.0,10.0,191.0,539.0,1.5274,730.0,6.34,8640.0,6.0,25.43,1115.0,43.3319,0.03886269058295964
2022-10-02,0.0,7.0,89.47,2.0,17.0,2.0,9.0,173.0,534.0,1.5884,707.0,7.02,7877.0,7.0,25.74,1123.0,42.8204,0.038130365093499555
2022-10-01,0.0,4.0,92.31,1.0,12.0,2.0,4.0,108.0,291.0,1.594,399.0,5.92,5730.0,2.0,24.21,636.0,22.6337,0.0355875786163522
2022-09-30,0.0,1.0,75.0,2.0,6.0,0.0,1.0,109.0,285.0,1.6066,394.0,4.82,6541.0,1.0,25.92,633.0,24.657,0.03895260663507109
2022-09-29,2.0,3.0,100.0,0.0,20.0,1.0,11.0,169.0,454.0,1.5522,623.0,6.61,7710.0,10.0,22.32,967.0,33.9467,0.03510517063081696
2022-09-28,0.0,11.0,86.67,2.0,13.0,1.0,6.0,194.0,488.0,1.8196,682.0,6.9,8798.0,5.0,26.98,1241.0,51.0264,0.04111716357775987
2022-09-27,0.0,6.0,90.0,2.0,18.0,0.0,8.0,201.0,547.0,1.7126,748.0,5.99,9911.0,8.0,29.12,1281.0,55.5678,0.04337845433255269
2022-09-26,0.0,10.0,92.31,1.0,12.0,3.0,6.0,217.0,478.0,1.8158,695.0,6.1,9999.0,3.0,26.72,1262.0,50.4303,0.03996061806656102
2022-09-25,1.0,5.0,87.5,2.0,14.0,2.0,13.0,193.0,603.0,1.8216,796.0,5.52,13053.0,11.0,26.52,1450.0,53.4218,0.03684262068965517
2022-09-24,0.0,6.0,88.89,1.0,8.0,1.0,4.0,111.0,316.0,1.7939,427.0,4.8,7253.0,3.0,25.26,766.0,27.5035,0.035905352480417756
2022-09-23,1.0,3.0,100.0,0.0,9.0,1.0,12.0,136.0,297.0,1.8245,433.0,5.15,7249.0,11.0,24.05,790.0,27.6184,0.03496
2022-09-22,0.0,14.0,100.0,0.0,11.0,1.0,4.0,182.0,444.0,1.8403,626.0,5.74,9350.0,3.0,28.88,1152.0,46.5792,0.040433333333333335
2022-09-21,0.0,14.0,90.91,1.0,10.0,3.0,10.0,203.0,473.0,1.858,676.0,6.27,8953.0,7.0,33.22,1256.0,59.6767,0.04751329617834395
2022-09-20,1.0,17.0,100.0,0.0,18.0,1.0,16.0,195.0,497.0,1.8743,692.0,4.64,12193.0,15.0,30.45,1297.0,57.4658,0.044306707787201235
2022-09-19,2.0,10.0,100.0,0.0,23.0,0.0,4.0,201.0,476.0,1.8493,677.0,5.86,10099.0,4.0,25.91,1252.0,48.7957,0.03897420127795527
2022-09-18,0.0,6.0,93.75,1.0,15.0,1.0,8.0,170.0,476.0,1.8824,646.0,5.75,9592.0,7.0,27.38,1216.0,49.327,0.04056496710526316
2022-09-17,0.0,5.0,100.0,0.0,8.0,2.0,7.0,111.0,251.0,1.7818,362.0,4.91,6108.0,5.0,27.72,645.0,26.7775,0.041515503875968994
2022-09-16,0.0,3.0,91.67,1.0,11.0,1.0,8.0,110.0,274.0,1.9063,384.0,6.21,5712.0,7.0,25.62,732.0,27.3796,0.03740382513661202
2022-09-15,1.0,2.0,91.67,2.0,22.0,0.0,8.0,159.0,420.0,1.6598,579.0,5.15,9418.0,8.0,23.53,961.0,33.8631,0.03523735691987513
2022-09-14,1.0,49.0,88.46,3.0,23.0,4.0,8.0,176.0,427.0,1.874,603.0,5.46,10429.0,4.0,30.05,1130.0,49.4853,0.043792300884955754
2022-09-13,0.0,2.0,85.0,3.0,17.0,4.0,11.0,167.0,406.0,1.9895,573.0,6.02,8618.0,7.0,28.36,1140.0,45.3353,0.03976780701754386
2022-09-12,0.0,7.0,86.67,2.0,13.0,2.0,6.0,174.0,425.0,2.0551,599.0,4.99,9861.0,4.0,33.55,1231.0,57.6416,0.046825020308692115
2022-09-11,0.0,5.0,95.45,1.0,21.0,0.0,2.0,141.0,413.0,1.8195,554.0,6.31,6879.0,2.0,27.28,1008.0,39.8554,0.039539087301587304
2022-09-10,1.0,3.0,100.0,0.0,13.0,4.0,9.0,114.0,240.0,1.9972,354.0,5.06,4959.0,5.0,33.46,707.0,32.617,0.04613437057991513
2022-09-09,0.0,5.0,100.0,0.0,11.0,0.0,6.0,106.0,259.0,1.7863,365.0,4.07,8172.0,6.0,27.87,652.0,26.4084,0.04050368098159509
2022-09-08,1.0,5.0,84.62,2.0,11.0,2.0,10.0,172.0,361.0,2.4165,533.0,5.16,8255.0,8.0,38.37,1288.0,65.7858,0.05107593167701863
2022-09-07,1.0,9.0,87.5,1.0,7.0,1.0,9.0,143.0,336.0,2.6597,479.0,5.06,9035.0,8.0,34.1,1274.0,55.5775,0.04362441130298273
2022-09-06,0.0,17.0,93.75,1.0,15.0,1.0,8.0,118.0,325.0,1.833,443.0,5.18,7147.0,7.0,28.37,812.0,32.9925,0.04063115763546798
2022-09-05,1.0,6.0,90.0,1.0,9.0,1.0,11.0,116.0,268.0,2.0313,384.0,4.61,6920.0,10.0,32.69,780.0,34.797,0.04461153846153846
2022-09-04,2.0,11.0,97.78,1.0,44.0,1.0,14.0,119.0,413.0,3.0489,532.0,3.38,12818.0,13.0,42.56,1622.0,83.1776,0.05128088779284833
2022-09-03,1.0,15.0,80.0,1.0,4.0,2.0,14.0,73.0,277.0,2.0829,350.0,3.5,7800.0,12.0,25.71,729.0,24.9698,0.034252126200274347
2022-09-02,0.0,2.0,77.78,2.0,7.0,1.0,5.0,53.0,200.0,1.6324,253.0,3.3,7001.0,4.0,21.0,413.0,12.9029,0.031241888619854722
2022-09-01,1.0,1.0,87.5,2.0,14.0,2.0,6.0,54.0,133.0,2.0374,187.0,3.01,6482.0,4.0,28.68,381.0,15.3981,0.04041496062992126
2022-08-31,1.0,3.0,92.86,1.0,13.0,5.0,5.0,90.0,107.0,2.2284,197.0,3.03,7036.0,0.0,28.73,439.0,17.3267,0.03946856492027335
2022-08-30,1.0,1.0,100.0,0.0,26.0,7.0,2.0,86.0,111.0,1.8883,197.0,2.22,9771.0,-5.0,28.63,372.0,14.7699,0.039704032258064514
2022-08-29,1.0,6.0,92.31,1.0,12.0,4.0,5.0,104.0,161.0,2.1887,265.0,2.05,16273.0,1.0,30.04,580.0,23.119,0.03986034482758621
2022-08-28,1.0,4.0,93.94,2.0,31.0,28.0,5.0,131.0,258.0,2.0797,389.0,1.57,34599.0,-23.0,25.62,809.0,27.4602,0.033943386897404206
2022-08-27,0.0,0.0,100.0,0.0,37.0,13.0,8.0,102.0,240.0,2.1082,342.0,2.22,18434.0,-5.0,16.86,721.0,17.7463,0.02461345353675451
2022-08-26,5.0,1.0,100.0,0.0,24.0,29.0,9.0,170.0,292.0,1.6905,462.0,1.25,39479.0,-20.0,18.68,781.0,20.843,0.026687580025608195
2022-08-25,6.0,7.0,96.92,2.0,63.0,95.0,10.0,174.0,419.0,1.9899,593.0,1.21,69432.0,-85.0,19.71,1180.0,36.3062,0.030767966101694914
2022-08-24,0.0,2.0,90.91,1.0,10.0,4.0,3.0,65.0,105.0,2.1412,170.0,2.98,6613.0,-1.0,28.49,364.0,15.8,0.04340659340659341
2022-08-23,0.0,0.0,100.0,0.0,5.0,2.0,5.0,48.0,89.0,1.9489,137.0,4.25,3596.0,3.0,27.74,267.0,10.9469,0.04099962546816479
2022-08-22,0.0,1.0,100.0,0.0,5.0,3.0,7.0,50.0,89.0,2.6691,139.0,4.03,5428.0,4.0,33.09,371.0,17.0727,0.04601805929919138
2022-08-21,0.0,0.0,100.0,0.0,4.0,2.0,4.0,39.0,65.0,2.4231,104.0,3.68,3096.0,2.0,34.37,252.0,12.2717,0.04869722222222222
2022-08-20,0.0,0.0,100.0,0.0,5.0,2.0,4.0,41.0,62.0,2.0194,103.0,4.1,3076.0,2.0,28.7,208.0,8.6925,0.04179086538461539
2022-08-19,0.0,2.0,100.0,0.0,9.0,3.0,2.0,37.0,63.0,2.16,100.0,4.37,2908.0,-1.0,28.82,216.0,9.3842,0.04344537037037037
2022-08-18,0.0,0.0,100.0,0.0,5.0,1.0,3.0,41.0,82.0,2.187,123.0,4.81,3555.0,2.0,33.83,269.0,12.8509,0.047772862453531593
2022-08-17,0.0,1.0,83.33,1.0,5.0,2.0,3.0,42.0,61.0,2.3883,103.0,4.22,2723.0,1.0,29.01,246.0,9.9646,0.04050650406504065
2022-08-16,0.0,0.0,100.0,0.0,1.0,2.0,1.0,47.0,88.0,1.7481,135.0,4.9,2673.0,-1.0,26.33,236.0,9.0528,0.0383593220338983
2022-08-15,0.0,0.0,100.0,0.0,6.0,3.0,5.0,42.0,78.0,1.925,120.0,2.49,5021.0,2.0,24.61,231.0,8.3439,0.03612077922077922
2022-08-14,0.0,0.0,100.0,0.0,4.0,3.0,4.0,32.0,77.0,2.2752,109.0,3.96,4119.0,1.0,24.02,248.0,8.4701,0.03415362903225807
2022-08-13,0.0,1.0,0.0,1.0,0.0,2.0,2.0,26.0,59.0,1.4824,85.0,2.75,2222.0,0.0,22.99,126.0,4.6989,0.03729285714285714
2022-08-12,0.0,0.0,100.0,0.0,8.0,2.0,1.0,24.0,46.0,1.8429,70.0,3.76,1701.0,-1.0,29.23,129.0,5.8828,0.0456031007751938
2022-08-11,0.0,0.0,87.5,1.0,7.0,4.0,3.0,38.0,60.0,1.9592,98.0,5.01,2196.0,-1.0,25.5,192.0,7.4416,0.03875833333333333
2022-08-10,0.0,4.0,100.0,0.0,7.0,1.0,1.0,45.0,91.0,2.0809,136.0,3.23,4054.0,0.0,30.11,283.0,12.715,0.04492932862190813
2022-08-09,1.0,1.0,83.33,1.0,5.0,1.0,2.0,31.0,85.0,1.8707,116.0,5.6,2357.0,1.0,20.34,217.0,6.6221,0.03051658986175115
2022-08-08,0.0,0.0,100.0,0.0,2.0,3.0,2.0,42.0,82.0,1.8226,124.0,3.7,2755.0,-1.0,33.89,226.0,10.9585,0.04848893805309735
2022-08-07,0.0,1.0,100.0,0.0,3.0,5.0,6.0,43.0,157.0,1.625,200.0,4.49,2540.0,1.0,23.12,325.0,10.304,0.03170461538461539
2022-08-06,0.0,20.0,100.0,0.0,1.0,1.0,1.0,36.0,74.0,2.2182,110.0,3.29,3163.0,0.0,28.44,244.0,9.4914,0.038899180327868856
2022-08-05,0.0,1.0,0.0,0.0,0.0,1.0,2.0,36.0,73.0,1.8349,109.0,4.7,1938.0,1.0,29.6,200.0,8.9228,0.044614
2022-08-04,0.0,24.0,100.0,0.0,1.0,5.0,3.0,37.0,74.0,2.2703,111.0,4.87,2425.0,-2.0,27.3,252.0,9.8883,0.03923928571428571
2022-08-03,0.0,1.0,100.0,0.0,4.0,2.0,4.0,40.0,85.0,1.752,125.0,4.84,2295.0,2.0,29.76,219.0,8.9028,0.04065205479452055
2022-08-02,0.0,1.0,93.75,1.0,15.0,4.0,2.0,28.0,90.0,2.0339,118.0,2.4,5037.0,-2.0,29.82,240.0,9.8689,0.041120416666666666
2022-08-01,0.0,0.0,100.0,0.0,6.0,0.0,1.0,30.0,93.0,2.065,123.0,3.45,4055.0,1.0,23.64,254.0,8.2052,0.03230393700787401
2022-07-31,1.0,1.0,100.0,0.0,4.0,2.0,1.0,49.0,72.0,2.0744,121.0,2.67,3370.0,-1.0,30.02,251.0,10.5702,0.04211235059760956
2022-07-30,0.0,0.0,100.0,0.0,-4.0,1.0,5.0,36.0,60.0,1.7083,96.0,4.18,1986.0,4.0,28.12,164.0,6.8697,0.04188841463414634
2022-07-29,0.0,1.0,100.0,0.0,8.0,1.0,5.0,43.0,61.0,1.5865,104.0,3.21,2647.0,4.0,27.32,165.0,6.9756,0.04227636363636364
2022-07-28,0.0,3.0,100.0,0.0,5.0,0.0,4.0,39.0,79.0,2.1271,118.0,4.45,2606.0,4.0,29.56,251.0,9.7421,0.038813147410358566
2022-07-27,0.0,3.0,83.33,1.0,5.0,4.0,4.0,39.0,87.0,1.6905,126.0,3.73,2892.0,0.0,23.78,213.0,8.1418,0.038224413145539905
2022-07-26,0.0,0.0,100.0,0.0,4.0,2.0,2.0,51.0,78.0,1.6202,129.0,4.16,2164.0,0.0,27.66,209.0,8.2995,0.039710526315789474
2022-07-25,0.0,0.0,100.0,0.0,6.0,4.0,3.0,49.0,100.0,1.8456,149.0,5.97,2796.0,-1.0,31.82,275.0,12.9732,0.047175272727272725
2022-07-24,0.0,2.0,100.0,0.0,9.0,0.0,2.0,41.0,70.0,2.1892,111.0,5.09,2792.0,2.0,31.54,243.0,10.676,0.043934156378600826
2022-07-23,1.0,0.0,100.0,0.0,3.0,1.0,5.0,37.0,71.0,1.7685,108.0,4.3,2281.0,4.0,27.65,191.0,8.1948,0.04290471204188482
2022-07-22,1.0,0.0,100.0,0.0,10.0,1.0,3.0,34.0,65.0,1.6061,99.0,2.94,2483.0,2.0,29.89,159.0,6.851,0.04308805031446541
2022-07-21,0.0,1.0,80.0,1.0,4.0,3.0,1.0,42.0,84.0,1.8413,126.0,3.46,3090.0,-2.0,28.22,232.0,10.3585,0.04464870689655172
2022-07-20,0.0,1.0,100.0,0.0,3.0,1.0,2.0,52.0,84.0,1.75,136.0,4.64,2693.0,1.0,26.19,238.0,9.0205,0.03790126050420168
2022-07-19,0.0,1.0,100.0,0.0,7.0,5.0,2.0,44.0,85.0,1.5194,129.0,2.42,3558.0,-3.0,28.79,196.0,7.832,0.03995918367346939
2022-07-18,1.0,1.0,100.0,0.0,2.0,4.0,0.0,39.0,94.0,1.3158,133.0,3.52,2247.0,-4.0,24.35,175.0,6.6959,0.038262285714285714
2022-07-17,0.0,7.0,100.0,0.0,6.0,3.0,4.0,32.0,90.0,1.623,122.0,3.81,3336.0,1.0,25.76,198.0,7.798,0.03938383838383838
2022-07-16,0.0,2.0,100.0,0.0,4.0,0.0,2.0,21.0,70.0,1.6044,91.0,2.83,2648.0,2.0,20.64,146.0,4.8965,0.03353767123287671
2022-07-15,0.0,0.0,100.0,0.0,8.0,0.0,1.0,33.0,79.0,1.5804,112.0,3.52,2757.0,1.0,26.95,177.0,8.1144,0.04584406779661017
2022-07-14,1.0,3.0,33.33,2.0,1.0,4.0,2.0,44.0,87.0,1.9542,131.0,5.13,2494.0,-2.0,23.2,256.0,8.7878,0.03432734375
2022-07-13,0.0,0.0,66.67,1.0,2.0,3.0,1.0,44.0,96.0,1.6429,140.0,5.35,2074.0,-2.0,26.63,230.0,9.8112,0.04265739130434782
2022-07-12,0.0,6.0,0.0,1.0,-1.0,1.0,0.0,42.0,84.0,1.8492,126.0,3.97,2849.0,-1.0,35.16,233.0,11.9779,0.051407296137339055
2022-07-11,0.0,0.0,100.0,0.0,2.0,2.0,1.0,43.0,76.0,1.5042,119.0,4.75,1938.0,-1.0,23.56,179.0,6.5336,0.03650055865921788
2022-07-10,0.0,1.0,100.0,0.0,6.0,4.0,3.0,46.0,88.0,1.4776,134.0,4.99,2166.0,-1.0,27.1,198.0,8.6154,0.04351212121212121
2022-07-09,0.0,1.0,83.33,1.0,5.0,0.0,2.0,34.0,83.0,1.9829,117.0,4.94,2511.0,2.0,33.32,232.0,11.662,0.05026724137931035
2022-07-08,0.0,1.0,66.67,2.0,4.0,0.0,0.0,42.0,75.0,1.641,117.0,3.68,2448.0,0.0,26.19,192.0,8.2397,0.04291510416666666
2022-07-07,0.0,1.0,87.5,1.0,7.0,1.0,0.0,40.0,106.0,1.5342,146.0,4.78,2446.0,-1.0,23.68,224.0,8.0259,0.03582991071428571
2022-07-06,0.0,1.0,100.0,0.0,2.0,3.0,0.0,59.0,93.0,1.9211,152.0,3.74,3826.0,-3.0,30.53,292.0,13.1166,0.04491986301369863
2022-07-05,0.0,6.0,100.0,0.0,12.0,3.0,4.0,75.0,115.0,1.7368,190.0,2.99,5078.0,1.0,27.16,330.0,13.4327,0.040705151515151514
2022-07-04,0.0,3.0,100.0,0.0,10.0,2.0,1.0,120.0,168.0,2.1111,288.0,5.81,6148.0,-1.0,25.78,608.0,22.4498,0.03692401315789474
2022-07-03,0.0,3.0,100.0,0.0,17.0,1.0,5.0,98.0,162.0,2.3577,260.0,5.14,6110.0,4.0,27.76,613.0,24.2891,0.03962332789559543
2022-07-02,0.0,7.0,100.0,0.0,8.0,3.0,4.0,77.0,119.0,1.7398,196.0,5.05,3704.0,1.0,29.96,341.0,15.5839,0.04570058651026393
2022-07-01,0.0,1.0,77.78,2.0,7.0,1.0,4.0,123.0,173.0,1.6351,296.0,5.62,4341.0,3.0,23.5,484.0,17.4006,0.03595165289256198
2022-06-30,0.0,9.0,100.0,0.0,3.0,4.0,3.0,179.0,227.0,2.0222,406.0,5.43,7086.0,-1.0,22.93,821.0,26.9915,0.03287637028014616
2022-06-29,0.0,4.0,83.33,2.0,10.0,2.0,2.0,176.0,236.0,1.6578,412.0,6.92,4767.0,0.0,24.4,683.0,25.0692,0.03670453879941435
2022-06-28,1.0,5.0,100.0,0.0,21.0,3.0,2.0,206.0,294.0,1.85,500.0,6.27,7463.0,-1.0,25.82,925.0,37.1644,0.04017772972972973
2022-06-27,1.0,4.0,100.0,0.0,48.0,7.0,3.0,262.0,327.0,1.8981,589.0,5.76,9736.0,-4.0,24.86,1118.0,41.0961,0.036758586762075135
2022-06-26,0.0,7.0,95.83,1.0,23.0,2.0,12.0,290.0,364.0,1.9602,654.0,6.03,11014.0,10.0,22.89,1282.0,44.3627,0.034604290171606863
2022-06-25,0.0,0.0,94.74,1.0,18.0,4.0,4.0,192.0,222.0,1.6812,414.0,5.87,5924.0,0.0,24.84,696.0,26.15,0.03757183908045977
2022-06-24,0.0,3.0,100.0,0.0,12.0,4.0,4.0,254.0,359.0,1.9282,613.0,6.82,8827.0,0.0,24.33,1182.0,42.0129,0.03554390862944162
2022-06-23,0.0,8.0,96.55,1.0,28.0,3.0,6.0,302.0,401.0,1.9018,703.0,6.32,10847.0,3.0,24.2,1337.0,49.2323,0.03682296185489903
2022-06-22,1.0,13.0,96.77,2.0,60.0,1.0,10.0,354.0,477.0,2.1071,831.0,6.46,13825.0,9.0,24.13,1751.0,63.6856,0.036370988006853226
2022-06-21,2.0,7.0,71.43,4.0,10.0,5.0,5.0,402.0,558.0,1.8,960.0,5.84,14849.0,0.0,24.02,1728.0,61.538,0.035612268518518515
2022-06-20,0.0,9.0,87.5,4.0,28.0,3.0,6.0,442.0,526.0,2.0837,968.0,4.82,21576.0,3.0,24.94,2017.0,72.8644,0.03612513634110064
2022-06-19,0.0,10.0,98.21,1.0,55.0,1.0,7.0,463.0,640.0,1.9946,1103.0,6.11,17243.0,6.0,26.09,2200.0,82.6707,0.03757759090909091
2022-06-18,0.0,5.0,100.0,0.0,41.0,0.0,4.0,327.0,420.0,2.1901,747.0,4.44,16589.0,4.0,28.04,1636.0,67.3136,0.04114523227383863
2022-06-17,0.0,15.0,100.0,0.0,25.0,1.0,9.0,361.0,531.0,1.9664,892.0,5.19,15871.0,8.0,25.09,1754.0,66.5973,0.03796881413911061
2022-06-16,0.0,9.0,90.0,3.0,27.0,3.0,9.0,376.0,527.0,1.7796,903.0,5.07,15179.0,6.0,27.04,1607.0,65.5416,0.04078506533914126
2022-06-15,1.0,9.0,89.47,4.0,34.0,2.0,5.0,391.0,516.0,1.9868,907.0,5.36,17644.0,3.0,25.51,1802.0,70.4644,0.03910344062153163
2022-06-14,0.0,11.0,97.14,1.0,34.0,4.0,11.0,385.0,576.0,1.9376,961.0,6.2,15013.0,7.0,25.03,1862.0,69.3226,0.03723018259935553
2022-06-13,1.0,13.0,89.29,3.0,25.0,5.0,6.0,418.0,590.0,1.9415,1008.0,6.39,15874.0,1.0,25.26,1957.0,72.6399,0.03711798671435871
2022-06-12,0.0,7.0,91.3,2.0,21.0,2.0,9.0,274.0,397.0,2.0268,671.0,5.0,13084.0,7.0,25.48,1360.0,51.5114,0.037876029411764704
2022-06-11,0.0,7.0,91.3,2.0,21.0,2.0,6.0,212.0,306.0,1.9788,518.0,5.89,8289.0,4.0,26.98,1025.0,39.2391,0.038282048780487805
2022-06-10,0.0,12.0,94.44,1.0,17.0,3.0,8.0,291.0,375.0,2.0526,666.0,6.1,10565.0,5.0,27.52,1367.0,54.0136,0.03951250914411119
2022-06-09,0.0,22.0,93.33,1.0,14.0,1.0,3.0,351.0,457.0,2.026,808.0,6.38,11733.0,2.0,23.0,1637.0,55.5398,0.03392779474648748
2022-06-08,3.0,11.0,92.86,1.0,13.0,0.0,5.0,308.0,441.0,1.765,749.0,6.29,10486.0,5.0,25.01,1322.0,50.5142,0.03821043872919819
2022-06-07,0.0,10.0,95.83,1.0,23.0,0.0,8.0,287.0,473.0,2.0579,760.0,5.6,13915.0,8.0,25.71,1564.0,62.0414,0.03966841432225064
2022-06-06,1.0,7.0,81.82,2.0,9.0,2.0,8.0,326.0,466.0,1.8952,792.0,6.2,12638.0,6.0,25.35,1501.0,59.2962,0.03950446369087275
2022-06-05,6.0,5.0,92.31,2.0,24.0,3.0,7.0,302.0,440.0,1.872,742.0,5.75,12170.0,4.0,24.87,1389.0,53.4419,0.038475089992800575
2022-06-04,0.0,6.0,100.0,0.0,14.0,0.0,4.0,188.0,293.0,1.8482,481.0,5.68,7869.0,4.0,24.82,889.0,33.148,0.037286839145106866
2022-06-03,1.0,7.0,96.0,1.0,24.0,2.0,9.0,231.0,366.0,2.0637,597.0,6.75,8621.0,7.0,22.9,1232.0,42.3399,0.034366801948051945
2022-06-02,1.0,6.0,100.0,0.0,22.0,2.0,7.0,259.0,413.0,2.0476,672.0,5.18,11103.0,5.0,24.32,1376.0,49.5298,0.035995494186046514
2022-06-01,2.0,13.0,91.3,2.0,21.0,5.0,11.0,282.0,474.0,2.0291,756.0,5.91,12005.0,6.0,27.21,1534.0,62.7927,0.04093396349413299
2022-05-31,1.0,5.0,91.67,1.0,11.0,0.0,5.0,259.0,417.0,1.7441,676.0,5.8,10066.0,5.0,25.43,1179.0,46.4446,0.039393214588634436
2022-05-30,0.0,17.0,93.75,2.0,30.0,1.0,6.0,270.0,420.0,1.8493,690.0,6.43,8907.0,5.0,22.39,1276.0,42.1358,0.0330217868338558
2022-05-29,0.0,22.0,100.0,0.0,39.0,2.0,7.0,269.0,460.0,1.9273,729.0,4.9,13332.0,5.0,24.61,1405.0,52.0835,0.03707010676156584
2022-05-28,0.0,8.0,96.55,1.0,28.0,4.0,9.0,167.0,282.0,1.8976,449.0,4.65,8773.0,5.0,25.12,852.0,32.3317,0.037948004694835676
2022-05-27,0.0,6.0,88.89,3.0,24.0,0.0,7.0,197.0,311.0,1.8583,508.0,5.75,8186.0,7.0,23.19,944.0,32.2307,0.0341426906779661
2022-05-26,1.0,10.0,100.0,0.0,27.0,1.0,4.0,244.0,473.0,1.7225,717.0,6.38,8913.0,3.0,20.94,1235.0,38.2461,0.030968502024291498
2022-05-25,0.0,11.0,95.24,1.0,20.0,4.0,7.0,244.0,422.0,1.6967,666.0,6.22,8453.0,3.0,22.1,1130.0,38.0672,0.03368778761061947
2022-05-24,1.0,7.0,91.3,2.0,21.0,3.0,11.0,255.0,433.0,1.7602,688.0,6.02,9083.0,8.0,22.76,1211.0,42.1639,0.03481742361684558
2022-05-23,1.0,13.0,95.0,1.0,19.0,1.0,5.0,273.0,407.0,1.6574,680.0,6.4,8498.0,4.0,23.17,1127.0,41.2286,0.03658260869565218
2022-05-22,1.0,7.0,95.24,2.0,40.0,2.0,6.0,253.0,447.0,1.9657,700.0,5.19,12659.0,4.0,27.0,1376.0,55.3208,0.04020406976744186
2022-05-21,0.0,2.0,100.0,0.0,14.0,2.0,5.0,173.0,259.0,1.7384,432.0,5.74,5571.0,3.0,25.47,751.0,27.5927,0.03674127829560586
2022-05-20,2.0,9.0,100.0,0.0,-6.0,0.0,3.0,164.0,281.0,1.7618,445.0,6.11,6608.0,3.0,23.32,784.0,28.1786,0.03594209183673469
2022-05-19,1.0,10.0,92.86,1.0,13.0,2.0,6.0,213.0,362.0,1.8104,575.0,6.13,7484.0,4.0,24.03,1041.0,37.4954,0.036018635926993274
2022-05-18,1.0,7.0,91.67,1.0,11.0,2.0,10.0,221.0,364.0,1.7709,585.0,6.24,8078.0,8.0,23.57,1036.0,37.3766,0.03607779922779923
2022-05-17,0.0,9.0,100.0,0.0,5.0,3.0,3.0,225.0,412.0,1.7064,637.0,5.32,9457.0,0.0,26.01,1087.0,42.743,0.039321987120515184
2022-05-16,0.0,5.0,100.0,0.0,41.0,1.0,5.0,255.0,383.0,1.9216,638.0,6.39,7994.0,4.0,22.48,1226.0,41.9455,0.034213295269168026
2022-05-15,2.0,3.0,88.89,2.0,16.0,1.0,6.0,244.0,440.0,1.7997,684.0,5.78,9839.0,5.0,24.32,1231.0,44.1127,0.03583484971567831
2022-05-14,0.0,4.0,100.0,0.0,9.0,2.0,4.0,142.0,240.0,1.9843,382.0,3.72,9113.0,2.0,26.28,758.0,28.0656,0.037025857519788916
2022-05-13,0.0,5.0,100.0,0.0,18.0,4.0,7.0,167.0,302.0,1.7356,469.0,6.0,6836.0,3.0,25.73,814.0,31.0632,0.03816117936117936
2022-05-12,0.0,10.0,88.24,2.0,15.0,2.0,7.0,201.0,395.0,1.6158,596.0,5.64,7745.0,5.0,21.55,963.0,31.5406,0.03275244029075805
2022-05-11,0.0,11.0,100.0,0.0,24.0,4.0,9.0,175.0,340.0,1.868,515.0,4.88,7399.0,5.0,23.94,962.0,37.0778,0.03854241164241164
2022-05-10,0.0,6.0,100.0,0.0,36.0,4.0,11.0,179.0,409.0,1.8265,588.0,6.32,8598.0,7.0,26.2,1074.0,42.1934,0.03928621973929236
2022-05-09,0.0,3.0,94.12,1.0,16.0,3.0,4.0,144.0,227.0,1.7412,371.0,4.61,6591.0,1.0,26.19,646.0,25.262,0.03910526315789474
2022-05-08,0.0,4.0,87.5,1.0,7.0,0.0,1.0,127.0,194.0,2.3146,321.0,5.42,7357.0,1.0,25.68,743.0,28.3296,0.03812866756393001
2022-05-07,0.0,5.0,100.0,0.0,14.0,0.0,3.0,129.0,188.0,2.0789,317.0,4.09,7330.0,3.0,27.9,659.0,26.9712,0.04092746585735964
2022-05-06,0.0,7.0,100.0,0.0,10.0,2.0,6.0,142.0,217.0,1.9889,359.0,5.75,6103.0,4.0,24.71,714.0,26.1006,0.036555462184873946
2022-05-05,1.0,3.0,100.0,0.0,16.0,4.0,5.0,166.0,378.0,1.6507,544.0,5.37,6742.0,1.0,24.98,898.0,33.0907,0.03684933184855234
2022-05-04,2.0,11.0,100.0,0.0,18.0,2.0,7.0,170.0,364.0,1.8127,534.0,5.44,8139.0,5.0,27.01,968.0,38.3941,0.03966332644628099
2022-05-03,1.0,6.0,90.48,2.0,19.0,2.0,8.0,170.0,365.0,1.843,535.0,5.5,8363.0,6.0,26.01,986.0,39.4814,0.04004198782961461
2022-05-02,1.0,6.0,90.91,2.0,20.0,2.0,3.0,169.0,296.0,1.7226,465.0,5.67,5928.0,1.0,26.96,801.0,31.6865,0.03955867665418227
2022-05-01,0.0,2.0,91.67,1.0,11.0,1.0,3.0,126.0,175.0,2.0033,301.0,4.58,5980.0,2.0,26.7,603.0,22.6169,0.03750729684908789
2022-04-30,0.0,3.0,100.0,0.0,5.0,1.0,4.0,127.0,183.0,1.8226,310.0,4.44,4659.0,3.0,28.01,565.0,23.9452,0.042380884955752214
2022-04-29,1.0,7.0,100.0,0.0,13.0,4.0,4.0,138.0,223.0,1.8144,361.0,4.82,6726.0,0.0,25.35,655.0,24.5032,0.03740946564885496
2022-04-28,1.0,5.0,92.86,1.0,13.0,2.0,5.0,184.0,309.0,1.7343,493.0,5.63,6692.0,3.0,25.57,855.0,32.2653,0.03773719298245615
2022-04-27,1.0,8.0,100.0,0.0,10.0,2.0,4.0,202.0,353.0,1.8306,555.0,6.91,7237.0,2.0,25.5,1016.0,38.5122,0.03790570866141732
2022-04-26,1.0,6.0,85.71,2.0,12.0,3.0,4.0,191.0,362.0,1.7052,553.0,5.03,9124.0,1.0,23.22,943.0,33.7537,0.03579395546129375
2022-04-25,1.0,8.0,94.74,1.0,18.0,2.0,6.0,202.0,333.0,1.8019,535.0,5.41,8815.0,4.0,25.74,964.0,36.5625,0.03792790456431535
2022-04-24,0.0,0.0,91.67,1.0,11.0,1.0,4.0,172.0,343.0,1.5437,515.0,5.75,6771.0,3.0,26.05,795.0,32.1389,0.0404262893081761
2022-04-23,0.0,0.0,90.91,1.0,10.0,0.0,1.0,140.0,176.0,1.8987,316.0,4.71,5990.0,1.0,25.66,600.0,22.6816,0.037802666666666665
2022-04-22,0.0,4.0,100.0,0.0,11.0,4.0,4.0,134.0,203.0,1.7834,337.0,6.36,4452.0,0.0,24.6,601.0,21.7932,0.036261564059900164
2022-04-21,0.0,4.0,100.0,0.0,13.0,1.0,5.0,173.0,278.0,1.5898,451.0,4.91,5962.0,4.0,23.04,717.0,25.3614,0.03537154811715481
2022-04-20,0.0,2.0,91.67,1.0,11.0,1.0,3.0,199.0,307.0,1.7016,506.0,4.58,7600.0,2.0,23.23,861.0,30.0104,0.03485528455284553
2022-04-19,2.0,10.0,86.67,2.0,13.0,4.0,11.0,183.0,358.0,1.9039,541.0,5.48,9145.0,7.0,28.14,1030.0,43.7335,0.042459708737864074
2022-04-18,0.0,5.0,96.43,1.0,27.0,3.0,11.0,232.0,352.0,1.7825,584.0,6.18,8216.0,8.0,28.05,1041.0,43.695,0.04197406340057637
2022-04-17,1.0,9.0,70.0,3.0,7.0,5.0,8.0,195.0,350.0,1.8165,545.0,4.38,10003.0,3.0,25.36,990.0,39.2339,0.03963020202020202
2022-04-16,0.0,3.0,100.0,0.0,7.0,3.0,1.0,170.0,228.0,1.4874,398.0,4.12,6023.0,-2.0,23.06,592.0,21.1696,0.03575945945945946
2022-04-15,3.0,5.0,100.0,0.0,10.0,1.0,3.0,157.0,243.0,1.6125,400.0,5.19,5898.0,2.0,23.78,645.0,23.4437,0.03634682170542636
2022-04-14,0.0,11.0,95.45,1.0,21.0,2.0,13.0,163.0,347.0,1.9882,510.0,5.96,8067.0,11.0,23.44,1014.0,35.2201,0.034733826429980276
2022-04-13,0.0,2.0,100.0,0.0,18.0,5.0,7.0,165.0,315.0,2.0042,480.0,5.31,8924.0,2.0,29.05,962.0,40.462,0.04206029106029106
2022-04-12,1.0,9.0,100.0,0.0,22.0,4.0,11.0,173.0,368.0,1.7394,541.0,4.78,9609.0,7.0,24.39,941.0,33.1723,0.03525217853347502
2022-04-11,0.0,8.0,92.31,2.0,24.0,6.0,3.0,218.0,365.0,1.8096,583.0,5.6,8303.0,-3.0,25.31,1055.0,38.9776,0.036945592417061614
2022-04-10,1.0,8.0,93.75,1.0,15.0,15.0,19.0,217.0,433.0,1.8138,650.0,5.3,9624.0,4.0,25.33,1179.0,43.7962,0.03714690415606446
2022-04-09,1.0,2.0,77.78,2.0,7.0,4.0,3.0,136.0,236.0,1.9409,372.0,4.32,7078.0,-1.0,25.19,722.0,26.5902,0.03682853185595568
2022-04-08,0.0,4.0,100.0,0.0,10.0,4.0,8.0,163.0,282.0,1.6809,445.0,5.19,5931.0,4.0,26.25,748.0,28.7644,0.038455080213903745
2022-04-07,0.0,3.0,91.67,1.0,11.0,0.0,7.0,190.0,406.0,1.7852,596.0,5.75,8887.0,7.0,24.3,1064.0,38.6076,0.03628533834586466
2022-04-06,0.0,5.0,100.0,0.0,53.0,1.0,8.0,195.0,401.0,1.7903,596.0,6.46,7936.0,7.0,24.41,1067.0,37.6271,0.03526438612933458
2022-04-05,2.0,3.0,95.0,2.0,38.0,2.0,8.0,202.0,430.0,1.8608,632.0,5.89,9681.0,6.0,26.65,1176.0,45.6936,0.03885510204081633
2022-04-04,1.0,5.0,89.47,2.0,17.0,2.0,11.0,218.0,384.0,1.9136,602.0,6.41,8108.0,9.0,26.16,1152.0,44.4725,0.03860460069444444
2022-04-03,2.0,5.0,96.3,1.0,26.0,5.0,8.0,215.0,445.0,1.9606,660.0,4.9,12265.0,3.0,23.17,1294.0,43.2791,0.033445981452859354
2022-04-02,1.0,2.0,72.73,3.0,8.0,1.0,5.0,135.0,215.0,1.7114,350.0,4.81,5173.0,4.0,26.76,599.0,23.8778,0.039862771285475794
2022-04-01,0.0,1.0,100.0,0.0,8.0,2.0,3.0,134.0,245.0,2.0317,379.0,4.66,8683.0,1.0,27.01,770.0,30.9941,0.04025207792207792
2022-03-31,0.0,4.0,89.47,2.0,17.0,6.0,7.0,161.0,353.0,1.9494,514.0,5.1,9501.0,1.0,28.83,1002.0,42.0716,0.041987624750499
2022-03-30,1.0,4.0,92.31,1.0,12.0,4.0,5.0,167.0,316.0,1.9234,483.0,5.89,6313.0,1.0,23.47,929.0,32.4862,0.03496899892357373
2022-03-29,0.0,10.0,89.66,3.0,26.0,7.0,9.0,172.0,373.0,1.9119,545.0,5.36,9014.0,2.0,24.77,1042.0,38.0499,0.03651621880998081
2022-03-28,0.0,5.0,100.0,0.0,10.0,2.0,10.0,167.0,374.0,1.8318,541.0,5.9,7910.0,8.0,25.66,991.0,37.6917,0.038034006054490414
2022-03-27,0.0,4.0,88.89,2.0,16.0,3.0,10.0,175.0,357.0,1.8891,532.0,6.13,7672.0,7.0,27.53,1005.0,40.9953,0.04079134328358209
2022-03-26,0.0,2.0,80.0,1.0,4.0,3.0,2.0,117.0,198.0,1.7429,315.0,4.15,5644.0,-1.0,27.75,549.0,21.8643,0.03982568306010929
2022-03-25,0.0,2.0,100.0,0.0,15.0,1.0,0.0,136.0,216.0,1.9347,352.0,5.59,5577.0,-1.0,30.93,681.0,30.2946,0.04448546255506608
2022-03-24,1.0,12.0,87.5,3.0,21.0,3.0,8.0,170.0,354.0,1.8588,524.0,4.57,10106.0,5.0,26.31,974.0,39.4248,0.04047720739219712
2022-03-23,0.0,9.0,88.89,2.0,16.0,4.0,10.0,207.0,322.0,1.9376,529.0,4.53,10432.0,6.0,26.43,1025.0,40.3216,0.03933814634146341
2022-03-22,0.0,5.0,100.0,0.0,8.0,2.0,6.0,175.0,337.0,1.9297,512.0,5.99,8008.0,4.0,26.84,988.0,38.6149,0.03908390688259109
2022-03-21,1.0,5.0,106.25,-1.0,17.0,1.0,4.0,188.0,358.0,1.837,546.0,6.38,7356.0,3.0,25.03,1003.0,35.6621,0.035555433698903294
2022-03-20,1.0,5.0,90.48,2.0,19.0,4.0,9.0,163.0,316.0,2.0104,479.0,5.25,9364.0,5.0,27.4,963.0,38.932,0.04042782969885774
2022-03-19,1.0,5.0,100.0,0.0,9.0,2.0,2.0,108.0,181.0,2.045,289.0,4.82,4297.0,0.0,30.93,591.0,25.2729,0.04276294416243655
2022-03-18,0.0,3.0,100.0,0.0,4.0,4.0,5.0,92.0,208.0,1.8533,300.0,4.24,5660.0,1.0,23.54,556.0,18.8629,0.03392607913669065
2022-03-17,2.0,1.0,80.0,2.0,8.0,5.0,3.0,151.0,274.0,1.6659,425.0,4.45,7826.0,-2.0,24.95,708.0,26.3218,0.03717768361581921
2022-03-16,0.0,2.0,91.67,1.0,11.0,2.0,3.0,151.0,312.0,1.9525,463.0,7.15,6828.0,1.0,30.91,904.0,39.513,0.04370907079646018
2022-03-15,0.0,5.0,90.48,2.0,19.0,5.0,5.0,156.0,355.0,1.955,511.0,5.83,8870.0,0.0,25.91,999.0,37.7096,0.037747347347347346
2022-03-14,0.0,8.0,92.86,1.0,13.0,2.0,5.0,146.0,340.0,1.6481,486.0,6.63,5955.0,3.0,26.45,801.0,32.868,0.041033707865168544
2022-03-13,0.0,0.0,91.67,1.0,11.0,2.0,7.0,146.0,346.0,1.6789,492.0,4.75,7742.0,5.0,25.6,826.0,31.4693,0.038098426150121066
2022-03-12,1.0,2.0,100.0,0.0,7.0,3.0,4.0,121.0,193.0,2.1083,314.0,4.07,6150.0,1.0,26.27,662.0,24.8536,0.03754320241691843
2022-03-11,0.0,14.0,100.0,0.0,7.0,2.0,3.0,103.0,201.0,1.7434,304.0,3.85,6728.0,1.0,25.5,530.0,20.4714,0.038625283018867924
2022-03-10,0.0,4.0,100.0,0.0,12.0,4.0,3.0,114.0,286.0,1.695,400.0,5.72,5212.0,-1.0,25.08,678.0,24.6296,0.03632684365781711
2022-03-09,0.0,4.0,100.0,0.0,15.0,3.0,9.0,125.0,295.0,1.7429,420.0,3.45,9278.0,6.0,27.64,732.0,29.942,0.04090437158469945
2022-03-08,1.0,6.0,100.0,0.0,12.0,2.0,7.0,114.0,265.0,1.8417,379.0,4.28,7831.0,5.0,28.57,698.0,29.0974,0.04168681948424069
2022-03-07,0.0,4.0,100.0,0.0,11.0,4.0,4.0,83.0,163.0,1.939,246.0,5.27,4210.0,0.0,32.56,477.0,23.3026,0.04885241090146751
2022-03-06,0.0,4.0,100.0,0.0,6.0,3.0,3.0,102.0,183.0,2.1789,285.0,5.47,4989.0,0.0,25.13,621.0,21.5758,0.03474363929146538
2022-03-05,0.0,3.0,100.0,0.0,5.0,4.0,3.0,81.0,147.0,1.886,228.0,5.25,3274.0,-1.0,24.67,430.0,15.2631,0.035495581395348835
2022-03-04,0.0,3.0,100.0,0.0,6.0,2.0,1.0,95.0,169.0,1.9811,264.0,5.92,4090.0,-1.0,22.37,523.0,15.7283,0.030073231357552584
2022-03-03,0.0,4.0,75.0,1.0,3.0,6.0,7.0,112.0,253.0,1.9288,365.0,5.64,5782.0,1.0,20.59,704.0,20.538,0.029173295454545455
2022-03-02,2.0,5.0,100.0,0.0,7.0,1.0,7.0,148.0,250.0,2.2387,398.0,6.8,7144.0,6.0,21.07,891.0,26.7983,0.030076655443322112
2022-03-01,1.0,8.0,90.0,1.0,9.0,5.0,4.0,125.0,266.0,1.8338,391.0,6.09,6597.0,-1.0,24.99,717.0,25.4646,0.03551548117154812
2022-02-28,0.0,4.0,90.0,1.0,9.0,3.0,8.0,135.0,248.0,2.4204,383.0,5.87,9755.0,5.0,22.7,927.0,28.0736,0.03028435814455232
2022-02-27,0.0,3.0,85.71,2.0,12.0,4.0,2.0,154.0,238.0,1.7449,392.0,4.61,7199.0,-2.0,25.57,684.0,25.7936,0.03770994152046784
2022-02-26,0.0,4.0,94.44,1.0,17.0,2.0,3.0,96.0,154.0,2.024,250.0,5.17,4627.0,1.0,25.88,506.0,18.3662,0.03629683794466403
2022-02-25,0.0,3.0,83.33,1.0,5.0,2.0,4.0,92.0,148.0,1.75,240.0,4.25,4616.0,2.0,28.01,420.0,17.1398,0.04080904761904762
2022-02-24,1.0,2.0,100.0,0.0,11.0,2.0,3.0,146.0,197.0,1.6793,343.0,4.45,5912.0,1.0,24.95,576.0,21.3007,0.036980381944444446
2022-02-23,1.0,5.0,81.82,2.0,9.0,0.0,4.0,154.0,293.0,1.7517,447.0,6.11,5858.0,4.0,27.64,783.0,31.6825,0.040462962962962964
2022-02-22,0.0,4.0,94.44,1.0,17.0,5.0,2.0,118.0,213.0,1.9849,331.0,4.97,5174.0,-3.0,30.5,657.0,27.3147,0.04157488584474885
2022-02-21,0.0,7.0,88.89,2.0,16.0,0.0,6.0,164.0,296.0,1.5913,460.0,5.45,6075.0,6.0,31.47,732.0,33.2268,0.04539180327868852
2022-02-20,0.0,7.0,100.0,0.0,10.0,4.0,5.0,142.0,329.0,1.6921,471.0,5.51,7242.0,1.0,30.32,797.0,35.3677,0.04437603513174404
2022-02-19,0.0,3.0,100.0,0.0,8.0,5.0,6.0,131.0,207.0,1.7929,338.0,4.95,6308.0,1.0,31.5,606.0,28.3187,0.04673052805280528
2022-02-18,0.0,0.0,100.0,0.0,14.0,5.0,7.0,128.0,199.0,2.0153,327.0,5.28,7096.0,2.0,30.65,659.0,26.8933,0.0408092564491654
2022-02-17,0.0,7.0,100.0,0.0,17.0,3.0,1.0,132.0,310.0,1.5905,442.0,5.45,5967.0,-2.0,23.24,703.0,25.3278,0.036028165007112374
2022-02-16,0.0,7.0,100.0,0.0,16.0,4.0,6.0,142.0,349.0,1.6069,491.0,4.01,8627.0,2.0,28.53,789.0,33.4098,0.0423444866920152
2022-02-15,0.0,9.0,90.91,1.0,10.0,4.0,9.0,131.0,271.0,1.6095,402.0,3.98,7379.0,5.0,24.85,647.0,23.0601,0.035641576506955173
2022-02-14,0.0,3.0,85.71,1.0,6.0,2.0,4.0,134.0,303.0,1.6178,437.0,6.11,4586.0,2.0,28.7,707.0,29.9436,0.042353041018387556
2022-02-13,1.0,3.0,95.45,1.0,21.0,3.0,6.0,102.0,320.0,1.955,422.0,4.66,8023.0,3.0,35.99,825.0,41.3796,0.050157090909090915
2022-02-12,0.0,1.0,100.0,0.0,13.0,1.0,5.0,100.0,197.0,1.7138,297.0,4.68,4787.0,4.0,34.53,509.0,25.2814,0.049668762278978394
2022-02-11,0.0,2.0,92.31,1.0,12.0,3.0,6.0,84.0,224.0,1.6818,308.0,4.11,5663.0,3.0,29.94,518.0,22.0187,0.042507142857142854
2022-02-10,0.0,1.0,85.71,2.0,12.0,3.0,8.0,115.0,275.0,1.7564,390.0,5.17,5847.0,5.0,32.25,685.0,30.9614,0.04519912408759124
2022-02-09,0.0,3.0,100.0,0.0,12.0,2.0,8.0,111.0,267.0,1.8571,378.0,4.97,6193.0,6.0,29.66,702.0,29.4701,0.04198019943019943
2022-02-08,0.0,0.0,88.89,1.0,8.0,1.0,6.0,124.0,268.0,1.6913,392.0,5.28,4927.0,5.0,31.17,663.0,29.2652,0.04414057315233786
2022-02-07,0.0,5.0,100.0,0.0,12.0,4.0,3.0,109.0,226.0,1.8776,335.0,5.21,5699.0,-1.0,26.53,629.0,24.1375,0.038374403815580285
2022-02-06,1.0,2.0,100.0,0.0,12.0,4.0,4.0,110.0,213.0,1.8854,323.0,4.78,5813.0,0.0,33.35,609.0,27.5144,0.04517963875205254
2022-02-05,0.0,2.0,100.0,0.0,8.0,2.0,5.0,70.0,142.0,2.0425,212.0,4.39,4398.0,3.0,33.72,433.0,20.0328,0.046265127020785224
2022-02-04,1.0,2.0,92.31,1.0,12.0,6.0,10.0,84.0,192.0,1.7754,276.0,4.56,4518.0,4.0,34.61,490.0,26.0227,0.053107551020408164
2022-02-03,0.0,5.0,100.0,0.0,23.0,3.0,9.0,105.0,269.0,1.8503,374.0,4.78,6380.0,6.0,32.84,692.0,32.3838,0.04679739884393064
2022-02-02,0.0,0.0,100.0,0.0,20.0,2.0,5.0,121.0,266.0,1.8269,387.0,4.89,6315.0,3.0,32.23,707.0,34.1108,0.04824724186704384
2022-02-01,0.0,2.0,100.0,0.0,10.0,3.0,6.0,128.0,285.0,1.937,413.0,5.41,6243.0,3.0,31.27,800.0,37.0073,0.046259125
2022-01-31,1.0,7.0,86.67,2.0,13.0,3.0,4.0,143.0,305.0,1.7009,448.0,5.01,7020.0,1.0,30.77,762.0,33.0906,0.04342598425196851
2022-01-30,1.0,3.0,92.59,2.0,25.0,9.0,7.0,216.0,332.0,1.5547,548.0,4.37,9479.0,-2.0,28.47,852.0,30.4672,0.035759624413145535
2022-01-29,0.0,3.0,88.89,3.0,24.0,5.0,13.0,105.0,196.0,1.887,301.0,5.99,4526.0,8.0,27.58,568.0,23.7183,0.04175757042253521
2022-01-28,1.0,6.0,62.5,3.0,5.0,3.0,8.0,112.0,213.0,1.72,325.0,6.15,4833.0,5.0,25.65,559.0,22.8493,0.04087531305903399
2022-01-27,1.0,9.0,90.91,1.0,10.0,5.0,3.0,144.0,296.0,1.4273,440.0,6.42,4956.0,-2.0,24.23,628.0,25.6481,0.04084092356687898
2022-01-26,2.0,5.0,95.45,1.0,21.0,3.0,11.0,161.0,377.0,1.5948,538.0,5.93,7534.0,8.0,30.9,858.0,40.5666,0.047280419580419585
2022-01-25,1.0,5.0,85.71,2.0,12.0,0.0,5.0,161.0,375.0,1.6101,536.0,5.95,7811.0,5.0,27.41,863.0,38.8017,0.044961413673232906
2022-01-24,2.0,5.0,80.0,3.0,12.0,6.0,13.0,224.0,439.0,1.6561,663.0,5.55,10559.0,7.0,27.0,1098.0,47.0762,0.042874499089253185
2022-01-23,1.0,11.0,95.56,2.0,43.0,2.0,10.0,231.0,482.0,1.9088,713.0,5.68,13214.0,8.0,31.21,1361.0,65.7871,0.04833732549595885
2022-01-22,1.0,4.0,97.5,1.0,39.0,4.0,4.0,170.0,276.0,1.6502,446.0,6.36,6223.0,0.0,32.25,736.0,36.387,0.04943885869565218
2022-01-21,0.0,10.0,97.3,1.0,36.0,4.0,5.0,239.0,448.0,1.6332,687.0,6.9,7668.0,1.0,26.92,1122.0,48.2749,0.04302575757575758
2022-01-20,1.0,8.0,95.12,2.0,39.0,3.0,11.0,258.0,591.0,1.6243,849.0,6.32,10634.0,8.0,25.03,1379.0,56.2782,0.04081087744742567
2022-01-19,0.0,22.0,82.61,4.0,19.0,1.0,4.0,306.0,553.0,1.6449,859.0,6.52,11786.0,3.0,25.32,1413.0,59.8838,0.04238060863411182
2022-01-18,0.0,6.0,79.17,10.0,38.0,4.0,9.0,328.0,624.0,1.5903,952.0,7.39,10601.0,5.0,26.74,1514.0,66.7979,0.04412014531043593
2022-01-17,1.0,15.0,92.59,2.0,25.0,6.0,7.0,341.0,684.0,1.7444,1025.0,7.45,13220.0,1.0,27.32,1788.0,77.3282,0.04324843400447427
2022-01-16,3.0,13.0,93.02,3.0,40.0,3.0,15.0,380.0,718.0,1.8816,1098.0,7.42,15020.0,12.0,29.64,2066.0,96.7299,0.04681989351403679
2022-01-15,0.0,4.0,90.63,3.0,29.0,2.0,5.0,258.0,453.0,1.8523,711.0,6.4,10477.0,3.0,28.02,1317.0,57.9147,0.043974715261959
2022-01-14,3.0,5.0,90.91,2.0,20.0,2.0,7.0,282.0,551.0,1.6206,833.0,6.55,11170.0,5.0,26.47,1350.0,58.5116,0.04334192592592593
2022-01-13,2.0,9.0,93.22,4.0,55.0,4.0,7.0,337.0,693.0,1.6777,1030.0,6.55,13860.0,3.0,27.5,1728.0,74.3488,0.043025925925925926
2022-01-12,1.0,14.0,90.0,3.0,27.0,1.0,9.0,325.0,629.0,1.8082,954.0,5.52,16917.0,8.0,27.47,1725.0,76.0468,0.04408510144927537
2022-01-11,2.0,11.0,87.8,5.0,36.0,8.0,8.0,334.0,683.0,1.7748,1017.0,8.43,11884.0,0.0,28.15,1805.0,81.6324,0.04522570637119114
2022-01-10,2.0,18.0,96.3,1.0,26.0,4.0,12.0,341.0,679.0,1.7039,1020.0,6.78,14074.0,8.0,27.0,1738.0,75.8036,0.04361542002301496
2022-01-09,0.0,23.0,79.31,6.0,23.0,3.0,11.0,360.0,614.0,1.7392,974.0,7.65,12338.0,8.0,26.96,1694.0,71.9628,0.04248099173553719
2022-01-08,0.0,11.0,85.19,4.0,23.0,6.0,11.0,298.0,399.0,1.9584,697.0,5.54,11428.0,5.0,29.61,1365.0,61.4195,0.044995970695970694
2022-01-07,1.0,11.0,92.59,2.0,25.0,4.0,15.0,249.0,403.0,1.7715,652.0,6.56,9199.0,11.0,29.67,1155.0,53.3852,0.046220952380952376
2022-01-06,1.0,12.0,91.67,2.0,22.0,3.0,8.0,236.0,348.0,1.6781,584.0,7.06,6873.0,5.0,28.23,980.0,42.6843,0.04355540816326531
2022-01-05,0.0,13.0,89.47,2.0,17.0,3.0,10.0,230.0,426.0,1.657,656.0,5.82,9330.0,7.0,29.05,1087.0,48.6012,0.0447113155473781
2022-01-04,1.0,4.0,100.0,0.0,22.0,7.0,4.0,201.0,387.0,1.6497,588.0,6.07,7708.0,-3.0,29.36,970.0,42.1455,0.043448969072164945
2022-01-03,1.0,10.0,95.65,1.0,22.0,2.0,5.0,179.0,295.0,1.7616,474.0,5.04,7775.0,3.0,28.4,835.0,36.5278,0.043745868263473056
2022-01-02,0.0,1.0,97.06,1.0,33.0,4.0,9.0,137.0,234.0,1.8706,371.0,5.99,6210.0,5.0,29.64,694.0,31.7666,0.04577319884726225
2022-01-01,0.0,0.0,90.91,1.0,10.0,1.0,3.0,73.0,124.0,1.4061,197.0,4.67,3107.0,2.0,27.34,277.0,12.0867,0.043634296028880866
2021-12-31,0.0,0.0,100.0,0.0,5.0,0.0,2.0,58.0,63.0,1.4463,121.0,3.81,2230.0,2.0,26.4,175.0,7.6425,0.04367142857142857
2021-12-30,0.0,11.0,100.0,0.0,9.0,5.0,2.0,81.0,136.0,1.5668,217.0,4.92,3069.0,-3.0,29.51,340.0,15.436,0.0454
2021-12-29,0.0,6.0,80.0,2.0,8.0,1.0,6.0,122.0,255.0,1.5942,377.0,6.14,5096.0,5.0,23.41,601.0,22.0136,0.03662828618968386
2021-12-28,0.0,4.0,88.89,2.0,16.0,3.0,9.0,159.0,382.0,1.7079,541.0,6.45,7266.0,6.0,25.05,924.0,37.5792,0.04067012987012987
2021-12-27,1.0,11.0,87.5,2.0,14.0,4.0,12.0,231.0,480.0,1.6048,711.0,6.68,8339.0,8.0,24.34,1141.0,44.3349,0.038856178790534615
2021-12-26,3.0,9.0,89.47,2.0,17.0,3.0,6.0,265.0,562.0,1.5792,827.0,7.16,8939.0,3.0,24.37,1306.0,53.1127,0.04066822358346095
2021-12-25,0.0,6.0,90.91,1.0,10.0,2.0,4.0,145.0,323.0,1.5577,468.0,5.07,6621.0,2.0,26.08,729.0,30.9128,0.04240438957475995
2021-12-24,0.0,15.0,96.3,1.0,26.0,2.0,7.0,204.0,443.0,1.6785,647.0,7.38,7400.0,5.0,25.62,1086.0,44.4091,0.04089235727440148
2021-12-23,0.0,16.0,93.75,2.0,30.0,0.0,8.0,245.0,586.0,1.627,831.0,6.7,10060.0,8.0,23.93,1352.0,52.5183,0.038844896449704146
2021-12-22,1.0,18.0,88.89,4.0,32.0,4.0,16.0,260.0,633.0,1.6114,893.0,6.65,10419.0,12.0,23.9,1439.0,55.0919,0.03828485059068798
2021-12-21,1.0,14.0,94.44,1.0,17.0,4.0,6.0,286.0,648.0,1.6724,934.0,8.24,9854.0,2.0,24.36,1562.0,60.8963,0.038986107554417414
2021-12-20,0.0,26.0,88.89,3.0,24.0,4.0,4.0,264.0,699.0,1.5067,963.0,7.81,9239.0,0.0,24.58,1451.0,59.5889,0.041067470709855274
2021-12-19,1.0,7.0,88.57,4.0,31.0,4.0,9.0,286.0,692.0,1.5859,978.0,6.92,11776.0,5.0,24.55,1551.0,62.9042,0.040557188910380404
2021-12-18,0.0,2.0,90.0,2.0,18.0,2.0,6.0,184.0,356.0,1.5889,540.0,6.52,6492.0,4.0,26.07,858.0,35.7595,0.04167773892773893
2021-12-17,2.0,9.0,90.0,2.0,18.0,2.0,12.0,203.0,427.0,1.5429,630.0,7.15,6672.0,10.0,23.34,972.0,38.0003,0.03909495884773663
2021-12-16,1.0,10.0,90.0,3.0,27.0,1.0,5.0,211.0,561.0,1.6023,772.0,7.6,7576.0,4.0,25.56,1237.0,50.9283,0.04117081649151172
2021-12-15,0.0,25.0,81.82,4.0,18.0,2.0,7.0,243.0,535.0,1.4704,778.0,7.45,7333.0,5.0,24.48,1144.0,48.2845,0.04220673076923077
2021-12-14,1.0,32.0,86.36,3.0,19.0,4.0,9.0,230.0,645.0,1.56,875.0,7.04,10209.0,5.0,23.69,1365.0,51.0685,0.037412820512820515
2021-12-13,1.0,7.0,89.47,2.0,17.0,3.0,9.0,212.0,567.0,1.5841,779.0,5.89,10536.0,6.0,24.2,1234.0,48.7892,0.03953743922204214
2021-12-12,0.0,25.0,89.47,2.0,17.0,2.0,12.0,226.0,585.0,1.5598,811.0,6.61,10030.0,10.0,25.41,1265.0,51.8542,0.04099146245059288
2021-12-11,1.0,11.0,90.0,1.0,9.0,2.0,3.0,145.0,284.0,1.9277,429.0,6.67,6061.0,1.0,21.12,827.0,26.7726,0.032373155985489725
2021-12-10,0.0,7.0,93.33,1.0,14.0,1.0,5.0,159.0,373.0,1.5188,532.0,5.71,7145.0,4.0,23.35,808.0,31.1086,0.038500742574257424
2021-12-09,1.0,10.0,100.0,0.0,18.0,3.0,9.0,216.0,512.0,1.7445,728.0,5.79,10902.0,6.0,23.28,1270.0,47.0021,0.037009527559055115
2021-12-08,2.0,5.0,96.67,1.0,29.0,5.0,15.0,227.0,573.0,1.5313,800.0,6.98,9025.0,10.0,25.4,1225.0,49.7522,0.04061404081632653
2021-12-07,1.0,15.0,86.96,3.0,20.0,3.0,7.0,208.0,564.0,1.6308,772.0,6.76,8738.0,4.0,28.14,1259.0,54.5295,0.04331175536139793
2021-12-06,1.0,4.0,92.31,2.0,24.0,4.0,12.0,179.0,533.0,1.632,712.0,6.45,8326.0,8.0,25.34,1162.0,46.102,0.03967469879518072
2021-12-05,1.0,6.0,94.44,1.0,17.0,0.0,13.0,224.0,520.0,1.5242,744.0,6.6,8332.0,13.0,24.33,1134.0,44.7664,0.03947654320987654
2021-12-04,0.0,6.0,83.33,1.0,5.0,5.0,5.0,150.0,342.0,1.6748,492.0,6.13,6586.0,0.0,26.72,824.0,34.7169,0.04213216019417476
2021-12-03,0.0,14.0,94.44,1.0,17.0,1.0,11.0,160.0,346.0,1.5988,506.0,6.17,6740.0,10.0,28.7,809.0,37.5901,0.04646489493201483
2021-12-02,1.0,14.0,87.5,2.0,14.0,2.0,6.0,186.0,507.0,1.5512,693.0,6.35,7774.0,4.0,26.64,1075.0,44.7334,0.04161246511627907
2021-12-01,1.0,7.0,75.0,5.0,15.0,2.0,6.0,219.0,536.0,1.6106,755.0,6.17,10050.0,4.0,23.49,1216.0,44.9737,0.036984950657894734
2021-11-30,2.0,12.0,83.33,4.0,20.0,1.0,8.0,159.0,553.0,1.7331,712.0,5.63,10140.0,7.0,28.04,1234.0,54.1909,0.04391482982171799
2021-11-29,0.0,6.0,85.19,4.0,23.0,3.0,8.0,172.0,565.0,1.5482,737.0,6.35,8945.0,5.0,25.93,1141.0,47.2434,0.041405258545135847
2021-11-28,1.0,11.0,100.0,0.0,32.0,2.0,11.0,156.0,593.0,1.6929,749.0,6.61,9928.0,9.0,27.0,1268.0,51.4902,0.040607413249211355
2021-11-27,1.0,2.0,93.33,1.0,14.0,7.0,10.0,118.0,340.0,1.6943,458.0,5.38,6299.0,3.0,27.4,776.0,32.4133,0.04176971649484536
2021-11-26,1.0,7.0,88.24,2.0,15.0,4.0,3.0,102.0,367.0,1.4925,469.0,5.21,6175.0,-1.0,24.15,700.0,27.0986,0.03871228571428571
2021-11-25,0.0,6.0,96.0,1.0,24.0,1.0,7.0,135.0,536.0,1.7168,671.0,5.67,8948.0,6.0,28.83,1152.0,49.9955,0.04339887152777778
2021-11-24,0.0,7.0,94.87,2.0,37.0,3.0,9.0,136.0,560.0,1.5575,696.0,5.66,9649.0,6.0,27.47,1084.0,47.6809,0.04398607011070111
2021-11-23,1.0,10.0,90.63,3.0,29.0,6.0,12.0,167.0,558.0,1.589,725.0,6.17,8480.0,6.0,27.5,1152.0,48.9266,0.042471006944444445
2021-11-22,0.0,12.0,96.67,1.0,29.0,3.0,18.0,173.0,566.0,1.636,739.0,5.66,10492.0,15.0,24.28,1209.0,46.9872,0.03886451612903226
2021-11-21,1.0,6.0,100.0,0.0,23.0,2.0,12.0,158.0,637.0,1.6478,795.0,6.74,9141.0,10.0,27.61,1310.0,57.6626,0.04401725190839694
2021-11-20,0.0,7.0,87.5,2.0,14.0,3.0,6.0,116.0,353.0,1.6418,469.0,5.83,6684.0,3.0,23.88,770.0,29.7273,0.038606883116883116
2021-11-19,0.0,5.0,78.95,4.0,15.0,4.0,5.0,115.0,387.0,1.5139,502.0,5.25,7066.0,1.0,24.06,760.0,29.6484,0.039011052631578946
2021-11-18,2.0,12.0,100.0,0.0,19.0,2.0,8.0,159.0,550.0,1.5867,709.0,5.55,9650.0,6.0,23.91,1125.0,43.0608,0.03827626666666667
2021-11-17,0.0,8.0,100.0,0.0,17.0,4.0,9.0,149.0,532.0,1.4978,681.0,3.95,13140.0,5.0,27.29,1020.0,44.0799,0.04321558823529412
2021-11-16,1.0,1.0,92.86,2.0,26.0,3.0,12.0,158.0,553.0,1.5724,711.0,6.01,8726.0,9.0,25.43,1118.0,44.2018,0.03953649373881932
2021-11-15,3.0,10.0,97.06,1.0,33.0,2.0,11.0,139.0,583.0,1.6468,722.0,6.9,8488.0,9.0,23.26,1189.0,43.6462,0.036708326324642555
2021-11-14,0.0,19.0,90.0,2.0,18.0,2.0,10.0,147.0,627.0,1.6163,774.0,5.82,10213.0,8.0,26.99,1251.0,52.9076,0.04229224620303757
2021-11-13,0.0,5.0,85.71,2.0,12.0,3.0,7.0,157.0,324.0,1.6112,481.0,5.31,6514.0,4.0,25.15,775.0,29.8483,0.03851393548387096
2021-11-12,0.0,9.0,80.0,3.0,12.0,3.0,8.0,147.0,368.0,1.5767,515.0,5.57,7167.0,5.0,29.56,812.0,37.2829,0.04591490147783251
2021-11-11,0.0,9.0,90.91,2.0,20.0,7.0,7.0,163.0,534.0,1.5265,697.0,5.19,10447.0,0.0,26.41,1064.0,43.4385,0.04082565789473684
2021-11-10,3.0,7.0,80.95,4.0,17.0,3.0,7.0,194.0,564.0,1.5251,758.0,6.28,9221.0,4.0,24.36,1156.0,45.37,0.03924740484429066
2021-11-09,2.0,19.0,87.5,3.0,21.0,6.0,14.0,203.0,654.0,1.6651,857.0,5.76,11223.0,8.0,24.28,1427.0,52.8587,0.037041836019621584
2021-11-08,1.0,7.0,89.47,2.0,17.0,3.0,8.0,181.0,658.0,1.4684,839.0,5.86,8806.0,5.0,22.68,1232.0,45.4055,0.03685511363636364
2021-11-07,3.0,7.0,88.89,4.0,32.0,4.0,17.0,202.0,535.0,1.6431,737.0,5.72,9374.0,13.0,27.47,1211.0,52.6724,0.043494962840627586
2021-11-06,0.0,3.0,96.15,1.0,25.0,3.0,7.0,165.0,361.0,1.8517,526.0,6.81,6355.0,4.0,29.14,974.0,44.2607,0.04544219712525668
2021-11-05,0.0,9.0,92.31,2.0,24.0,3.0,12.0,180.0,371.0,2.069,551.0,6.62,9110.0,9.0,26.22,1140.0,45.4052,0.039829122807017545
2021-11-04,0.0,5.0,84.21,3.0,16.0,2.0,12.0,180.0,423.0,1.9337,603.0,6.29,9578.0,10.0,27.57,1166.0,48.6172,0.04169571183533447
2021-11-03,1.0,8.0,79.17,5.0,19.0,1.0,5.0,164.0,470.0,1.6577,634.0,6.07,8370.0,4.0,25.83,1051.0,42.0796,0.04003767840152236
2021-11-02,0.0,5.0,95.0,1.0,19.0,1.0,10.0,197.0,514.0,1.5795,711.0,6.13,8485.0,9.0,27.55,1123.0,48.2986,0.04300854853072128
2021-11-01,0.0,5.0,93.33,1.0,14.0,1.0,6.0,156.0,477.0,1.6303,633.0,5.63,8674.0,5.0,27.56,1032.0,44.1422,0.042773449612403106
2021-10-31,0.0,13.0,85.0,3.0,17.0,3.0,5.0,171.0,400.0,1.8039,571.0,5.74,8622.0,2.0,26.06,1030.0,39.9811,0.03881660194174757
2021-10-30,0.0,3.0,90.0,1.0,9.0,2.0,3.0,105.0,255.0,1.9083,360.0,4.88,7005.0,1.0,27.81,687.0,28.4553,0.04141965065502184
2021-10-29,1.0,10.0,100.0,0.0,18.0,2.0,9.0,113.0,278.0,1.7084,391.0,4.69,6672.0,7.0,27.65,668.0,27.8201,0.04164685628742515
2021-10-28,0.0,7.0,73.68,5.0,14.0,4.0,9.0,175.0,431.0,1.538,606.0,5.43,8323.0,5.0,24.69,932.0,36.3756,0.03902961373390558
2021-10-27,2.0,5.0,86.36,3.0,19.0,2.0,6.0,168.0,514.0,1.5176,682.0,6.44,7590.0,4.0,26.27,1035.0,42.2856,0.04085565217391304
2021-10-26,0.0,7.0,89.47,2.0,17.0,0.0,3.0,205.0,552.0,1.675,757.0,5.89,8638.0,3.0,29.99,1268.0,57.232,0.04513564668769716
2021-10-25,0.0,7.0,96.0,1.0,24.0,4.0,11.0,175.0,553.0,1.4849,728.0,6.02,8339.0,7.0,26.97,1081.0,43.8468,0.0405613320999075
2021-10-24,2.0,19.0,95.65,1.0,22.0,4.0,16.0,188.0,607.0,1.7145,795.0,5.48,11770.0,12.0,27.43,1363.0,56.1653,0.04120711665443874
2021-10-23,0.0,3.0,92.86,1.0,13.0,2.0,11.0,120.0,337.0,1.7593,457.0,4.96,7384.0,9.0,26.02,804.0,30.9756,0.03852686567164179
2021-10-22,0.0,12.0,100.0,0.0,11.0,5.0,4.0,148.0,424.0,1.5769,572.0,5.81,6803.0,-1.0,25.09,902.0,33.9548,0.037643902439024386
2021-10-21,1.0,10.0,76.47,4.0,13.0,0.0,3.0,162.0,542.0,1.5824,704.0,5.72,10170.0,3.0,24.48,1114.0,41.0383,0.03683868940754039
2021-10-20,1.0,11.0,81.25,3.0,13.0,2.0,7.0,162.0,580.0,1.6078,742.0,5.8,10671.0,5.0,27.1,1193.0,47.6982,0.039981726739312655
2021-10-19,0.0,15.0,94.44,1.0,17.0,5.0,11.0,216.0,658.0,1.7414,874.0,6.62,10851.0,6.0,29.54,1522.0,66.7154,0.04383403416557162
2021-10-18,0.0,17.0,80.0,4.0,16.0,7.0,5.0,201.0,617.0,1.5293,818.0,5.92,9960.0,-2.0,25.32,1251.0,47.6906,0.03812198241406875
2021-10-17,0.0,7.0,100.0,0.0,30.0,3.0,10.0,207.0,585.0,1.6136,792.0,6.34,9753.0,7.0,28.97,1278.0,55.4898,0.043419248826291085
2021-10-16,1.0,4.0,100.0,0.0,10.0,5.0,4.0,137.0,332.0,1.6439,469.0,5.13,7198.0,-1.0,29.59,771.0,34.0413,0.04415214007782101
2021-10-15,0.0,14.0,93.33,1.0,14.0,7.0,6.0,139.0,353.0,1.7846,492.0,5.1,7924.0,-1.0,29.25,878.0,38.1127,0.043408542141230064
2021-10-14,0.0,5.0,78.95,4.0,15.0,1.0,9.0,166.0,499.0,1.548,666.0,5.67,8776.0,8.0,27.27,1031.0,42.7577,0.04147206595538312
2021-10-13,0.0,11.0,96.3,1.0,26.0,3.0,7.0,180.0,552.0,1.4918,732.0,5.14,10169.0,4.0,27.81,1092.0,46.152,0.042263736263736265
2021-10-12,1.0,18.0,80.77,5.0,21.0,4.0,8.0,210.0,735.0,1.4921,945.0,5.5,10317.0,4.0,24.6,1410.0,52.1606,0.036993333333333336
2021-10-11,1.0,10.0,100.0,0.0,18.0,6.0,8.0,189.0,641.0,1.4711,830.0,6.43,8914.0,2.0,25.42,1221.0,45.4332,0.03720982800982801
2021-10-10,2.0,9.0,86.84,5.0,33.0,3.0,15.0,202.0,636.0,1.6611,838.0,6.7,10361.0,12.0,28.34,1392.0,57.5476,0.041341666666666665
2021-10-09,1.0,3.0,84.62,2.0,11.0,2.0,3.0,149.0,341.0,1.9163,490.0,5.4,7414.0,1.0,22.67,939.0,31.5926,0.03364494142705005
2021-10-08,0.0,9.0,100.0,0.0,21.0,0.0,11.0,111.0,330.0,1.6757,441.0,4.87,6998.0,11.0,30.4,739.0,31.1833,0.04219661705006766
2021-10-07,1.0,7.0,78.95,4.0,15.0,4.0,9.0,163.0,535.0,1.5616,698.0,6.74,7804.0,5.0,26.95,1090.0,42.8382,0.03930110091743119
2021-10-06,1.0,7.0,95.0,1.0,19.0,3.0,8.0,179.0,612.0,1.7282,791.0,6.21,9805.0,5.0,31.0,1367.0,59.959,0.04386174103877103
2021-10-05,0.0,7.0,95.24,1.0,20.0,4.0,10.0,171.0,569.0,1.5676,740.0,4.94,10830.0,6.0,28.93,1160.0,49.3588,0.04255068965517242
2021-10-04,1.0,10.0,89.66,3.0,26.0,2.0,12.0,165.0,640.0,1.5925,805.0,6.15,10670.0,10.0,27.39,1282.0,51.6379,0.040279173166926675
2021-10-03,1.0,5.0,92.86,2.0,26.0,0.0,10.0,194.0,663.0,1.7958,857.0,6.76,9362.0,10.0,29.3,1539.0,63.1095,0.04100682261208577
2021-10-02,1.0,1.0,76.92,3.0,10.0,2.0,12.0,130.0,360.0,1.849,490.0,5.83,6692.0,10.0,29.72,906.0,38.8351,0.04286434878587196
2021-10-01,0.0,14.0,85.71,1.0,6.0,5.0,10.0,128.0,348.0,1.6765,476.0,5.32,6105.0,5.0,31.68,798.0,36.6386,0.04591303258145363
2021-09-30,0.0,10.0,82.61,4.0,19.0,3.0,14.0,156.0,574.0,1.6767,730.0,6.06,9404.0,11.0,30.41,1224.0,53.4303,0.04365220588235294
2021-09-29,0.0,5.0,100.0,0.0,24.0,2.0,14.0,176.0,545.0,1.5492,721.0,6.27,8434.0,12.0,29.05,1117.0,45.6565,0.040874216651745746
2021-09-28,0.0,7.0,95.45,1.0,21.0,2.0,10.0,158.0,633.0,1.5373,791.0,4.7,11278.0,8.0,29.84,1216.0,52.3289,0.04303363486842105
2021-09-27,1.0,10.0,84.0,4.0,21.0,3.0,17.0,161.0,626.0,1.6023,787.0,6.13,9187.0,14.0,30.16,1261.0,54.0617,0.04287208564631245
2021-09-26,2.0,21.0,85.71,3.0,18.0,3.0,5.0,137.0,643.0,1.5846,780.0,4.71,11316.0,2.0,31.77,1236.0,56.502,0.04571359223300971
2021-09-25,0.0,7.0,93.75,1.0,15.0,1.0,5.0,117.0,341.0,1.6376,458.0,5.34,6181.0,4.0,28.1,750.0,30.2626,0.04035013333333333
2021-09-24,0.0,5.0,100.0,0.0,7.0,3.0,3.0,111.0,361.0,1.5191,472.0,6.3,4954.0,0.0,27.61,717.0,29.5995,0.041282426778242676
2021-09-23,0.0,5.0,100.0,0.0,26.0,5.0,12.0,139.0,525.0,1.5828,664.0,5.99,7953.0,7.0,26.81,1051.0,41.9185,0.03988439581351094
2021-09-22,0.0,9.0,84.0,4.0,21.0,3.0,12.0,158.0,634.0,1.4141,792.0,7.0,7087.0,9.0,26.05,1120.0,43.1066,0.03848803571428572
2021-09-21,0.0,10.0,90.91,2.0,20.0,4.0,15.0,139.0,606.0,1.5987,745.0,5.75,9757.0,11.0,28.7,1191.0,49.9671,0.04195390428211587
2021-09-20,1.0,11.0,95.45,1.0,21.0,4.0,6.0,147.0,558.0,1.5149,705.0,5.72,8735.0,2.0,29.46,1068.0,46.4467,0.04348941947565543
2021-09-19,0.0,11.0,83.33,5.0,25.0,1.0,7.0,152.0,650.0,1.5436,802.0,4.68,13284.0,6.0,28.71,1238.0,52.5488,0.042446526655896606
2021-09-18,0.0,1.0,94.44,1.0,17.0,1.0,14.0,89.0,545.0,1.5174,634.0,4.92,7645.0,13.0,24.37,962.0,35.1832,0.036572972972972975
2021-09-17,0.0,3.0,100.0,0.0,20.0,0.0,4.0,106.0,328.0,1.7811,434.0,5.17,6145.0,4.0,33.31,773.0,36.1666,0.04678732212160414
2021-09-16,1.0,12.0,85.71,2.0,12.0,4.0,8.0,100.0,489.0,1.6129,589.0,5.05,7625.0,4.0,28.69,950.0,40.383,0.042508421052631584
2021-09-15,1.0,7.0,78.57,3.0,11.0,2.0,7.0,102.0,531.0,1.4186,633.0,4.77,9264.0,5.0,27.58,898.0,37.7187,0.04200300668151447
2021-09-14,2.0,19.0,84.21,3.0,16.0,4.0,11.0,123.0,519.0,1.69,642.0,5.28,8182.0,7.0,31.5,1085.0,48.8878,0.045057880184331794
2021-09-13,1.0,5.0,80.95,4.0,17.0,0.0,8.0,103.0,478.0,1.6678,581.0,5.89,6161.0,8.0,33.04,969.0,44.5634,0.0459890608875129
2021-09-12,1.0,9.0,86.36,3.0,19.0,1.0,9.0,140.0,557.0,1.7446,697.0,5.42,9821.0,8.0,33.64,1216.0,57.3378,0.04715279605263158
2021-09-11,1.0,5.0,100.0,0.0,17.0,7.0,4.0,93.0,330.0,1.8298,423.0,5.42,5503.0,-3.0,39.51,774.0,42.0493,0.05432726098191215
2021-09-10,1.0,8.0,93.75,1.0,15.0,1.0,8.0,65.0,257.0,1.7019,322.0,4.42,4072.0,7.0,31.95,548.0,23.8277,0.043481204379562044
2021-09-09,0.0,1.0,85.71,2.0,12.0,3.0,4.0,84.0,393.0,1.5094,477.0,5.46,5881.0,1.0,33.17,720.0,35.4948,0.04929833333333333
2021-09-08,0.0,1.0,87.5,1.0,7.0,5.0,6.0,100.0,381.0,1.7422,481.0,4.16,8292.0,1.0,36.52,838.0,42.836,0.051116945107398566
2021-09-07,0.0,3.0,93.75,1.0,15.0,5.0,8.0,93.0,381.0,1.6181,474.0,4.21,6904.0,3.0,29.09,767.0,32.7401,0.04268591916558018
2021-09-06,0.0,8.0,100.0,0.0,9.0,3.0,7.0,64.0,341.0,1.6444,405.0,5.59,5168.0,4.0,28.92,666.0,27.6561,0.04152567567567567
2021-09-05,1.0,3.0,90.91,2.0,20.0,7.0,9.0,99.0,383.0,1.7552,482.0,6.1,5676.0,2.0,32.18,846.0,38.9393,0.046027541371158394
2021-09-04,0.0,2.0,90.91,1.0,10.0,2.0,4.0,52.0,210.0,1.5344,262.0,4.43,3495.0,2.0,29.25,402.0,17.748,0.044149253731343284
2021-09-03,0.0,7.0,100.0,0.0,10.0,0.0,4.0,53.0,191.0,1.5574,244.0,2.49,6146.0,4.0,28.92,380.0,16.4742,0.04335315789473684
2021-09-02,0.0,37.0,91.67,1.0,11.0,2.0,7.0,49.0,202.0,1.6932,251.0,4.45,4386.0,5.0,30.78,425.0,19.537,0.04596941176470588
2021-09-01,0.0,4.0,100.0,0.0,3.0,4.0,5.0,47.0,140.0,1.8342,187.0,4.47,3447.0,1.0,36.34,343.0,19.0914,0.055660058309037905
2021-08-31,1.0,1.0,100.0,0.0,9.0,4.0,2.0,30.0,95.0,1.84,125.0,3.18,3454.0,-2.0,35.61,230.0,11.8469,0.05150826086956522
2021-08-30,0.0,0.0,100.0,0.0,10.0,3.0,3.0,43.0,100.0,2.1399,143.0,3.24,4748.0,0.0,33.01,306.0,13.7745,0.04501470588235294
2021-08-29,0.0,1.0,100.0,0.0,9.0,2.0,1.0,60.0,88.0,2.6081,148.0,5.62,4325.0,-1.0,30.43,386.0,16.5843,0.042964507772020724
2021-08-28,0.0,0.0,100.0,0.0,6.0,2.0,6.0,42.0,71.0,2.4867,113.0,4.94,3039.0,4.0,33.56,281.0,13.1456,0.046781494661921705
2021-08-27,0.0,0.0,92.31,1.0,12.0,2.0,3.0,39.0,80.0,2.3613,119.0,4.76,3133.0,1.0,36.76,281.0,13.3266,0.04742562277580071
2021-08-26,0.0,0.0,100.0,0.0,10.0,1.0,4.0,52.0,77.0,2.0,129.0,5.1,2567.0,3.0,32.17,258.0,12.1009,0.04690271317829457
2021-08-25,0.0,3.0,100.0,0.0,8.0,0.0,4.0,47.0,76.0,2.8537,123.0,3.89,4247.0,4.0,37.93,351.0,17.3815,0.049519943019943016
2021-08-24,0.0,0.0,90.91,1.0,10.0,0.0,4.0,55.0,97.0,1.8882,152.0,3.99,3156.0,4.0,41.29,287.0,16.8233,0.058617770034843204
2021-08-23,0.0,0.0,85.71,1.0,6.0,4.0,4.0,47.0,89.0,2.2794,136.0,3.99,4359.0,0.0,40.61,310.0,17.3132,0.055849032258064514
2021-08-22,0.0,1.0,100.0,0.0,2.0,1.0,4.0,44.0,63.0,2.5701,107.0,4.0,4176.0,3.0,26.91,275.0,10.413,0.03786545454545455
2021-08-21,1.0,0.0,66.67,2.0,4.0,2.0,3.0,46.0,69.0,1.9304,115.0,4.03,2976.0,1.0,33.3,222.0,10.5967,0.04773288288288288
2021-08-20,2.0,0.0,100.0,0.0,1.0,2.0,4.0,35.0,70.0,1.9905,105.0,3.33,2880.0,2.0,28.35,209.0,8.6935,0.041595693779904304
